image,subject_id,code_path,mask_path,code_bits_count,valid_bits_ratio,gabor_frequency,status
aeval1.bmp,1_left,C:\Studia\6 sem\biometria\projekt_2_koniec\rozpoznawanie-teczowki-biometria\results_mmu_small\kodowanie\1_left_aeval1_iris_code.npy,C:\Studia\6 sem\biometria\projekt_2_koniec\rozpoznawanie-teczowki-biometria\results_mmu_small\kodowanie\1_left_aeval1_iris_mask.npy,2048,1.0,0.02454369260617026,ok
aeval2.bmp,1_left,C:\Studia\6 sem\biometria\projekt_2_koniec\rozpoznawanie-teczowki-biometria\results_mmu_small\kodowanie\1_left_aeval2_iris_code.npy,C:\Studia\6 sem\biometria\projekt_2_koniec\rozpoznawanie-teczowki-biometria\results_mmu_small\kodowanie\1_left_aeval2_iris_mask.npy,2048,1.0,0.02454369260617026,ok
aeval3.bmp,1_left,C:\Studia\6 sem\biometria\projekt_2_koniec\rozpoznawanie-teczowki-biometria\results_mmu_small\kodowanie\1_left_aeval3_iris_code.npy,C:\Studia\6 sem\biometria\projekt_2_koniec\rozpoznawanie-teczowki-biometria\results_mmu_small\kodowanie\1_left_aeval3_iris_mask.npy,2048,1.0,0.02454369260617026,ok
aeval4.bmp,1_left,C:\Studia\6 sem\biometria\projekt_2_koniec\rozpoznawanie-teczowki-biometria\results_mmu_small\kodowanie\1_left_aeval4_iris_code.npy,C:\Studia\6 sem\biometria\projekt_2_koniec\rozpoznawanie-teczowki-biometria\results_mmu_small\kodowanie\1_left_aeval4_iris_mask.npy,2048,1.0,0.02454369260617026,ok
aeval5.bmp,1_left,C:\Studia\6 sem\biometria\projekt_2_koniec\rozpoznawanie-teczowki-biometria\results_mmu_small\kodowanie\1_left_aeval5_iris_code.npy,C:\Studia\6 sem\biometria\projekt_2_koniec\rozpoznawanie-teczowki-biometria\results_mmu_small\kodowanie\1_left_aeval5_iris_mask.npy,2048,1.0,0.02454369260617026,ok
aevar1.bmp,1_right,C:\Studia\6 sem\biometria\projekt_2_koniec\rozpoznawanie-teczowki-biometria\results_mmu_small\kodowanie\1_right_aevar1_iris_code.npy,C:\Studia\6 sem\biometria\projekt_2_koniec\rozpoznawanie-teczowki-biometria\results_mmu_small\kodowanie\1_right_aevar1_iris_mask.npy,2048,1.0,0.02454369260617026,ok
aevar2.bmp,1_right,C:\Studia\6 sem\biometria\projekt_2_koniec\rozpoznawanie-teczowki-biometria\results_mmu_small\kodowanie\1_right_aevar2_iris_code.npy,C:\Studia\6 sem\biometria\projekt_2_koniec\rozpoznawanie-teczowki-biometria\results_mmu_small\kodowanie\1_right_aevar2_iris_mask.npy,2048,1.0,0.02454369260617026,ok
aevar3.bmp,1_right,C:\Studia\6 sem\biometria\projekt_2_koniec\rozpoznawanie-teczowki-biometria\results_mmu_small\kodowanie\1_right_aevar3_iris_code.npy,C:\Studia\6 sem\biometria\projekt_2_koniec\rozpoznawanie-teczowki-biometria\results_mmu_small\kodowanie\1_right_aevar3_iris_mask.npy,2048,1.0,0.02454369260617026,ok
aevar4.bmp,1_right,C:\Studia\6 sem\biometria\projekt_2_koniec\rozpoznawanie-teczowki-biometria\results_mmu_small\kodowanie\1_right_aevar4_iris_code.npy,C:\Studia\6 sem\biometria\projekt_2_koniec\rozpoznawanie-teczowki-biometria\results_mmu_small\kodowanie\1_right_aevar4_iris_mask.npy,2048,1.0,0.02454369260617026,ok
aevar5.bmp,1_right,C:\Studia\6 sem\biometria\projekt_2_koniec\rozpoznawanie-teczowki-biometria\results_mmu_small\kodowanie\1_right_aevar5_iris_code.npy,C:\Studia\6 sem\biometria\projekt_2_koniec\rozpoznawanie-teczowki-biometria\results_mmu_small\kodowanie\1_right_aevar5_iris_mask.npy,2048,1.0,0.02454369260617026,ok
fional1.bmp,10_left,C:\Studia\6 sem\biometria\projekt_2_koniec\rozpoznawanie-teczowki-biometria\results_mmu_small\kodowanie\10_left_fional1_iris_code.npy,C:\Studia\6 sem\biometria\projekt_2_koniec\rozpoznawanie-teczowki-biometria\results_mmu_small\kodowanie\10_left_fional1_iris_mask.npy,2048,1.0,0.02454369260617026,ok
fional2.bmp,10_left,C:\Studia\6 sem\biometria\projekt_2_koniec\rozpoznawanie-teczowki-biometria\results_mmu_small\kodowanie\10_left_fional2_iris_code.npy,C:\Studia\6 sem\biometria\projekt_2_koniec\rozpoznawanie-teczowki-biometria\results_mmu_small\kodowanie\10_left_fional2_iris_mask.npy,2048,1.0,0.02454369260617026,ok
fional3.bmp,10_left,C:\Studia\6 sem\biometria\projekt_2_koniec\rozpoznawanie-teczowki-biometria\results_mmu_small\kodowanie\10_left_fional3_iris_code.npy,C:\Studia\6 sem\biometria\projekt_2_koniec\rozpoznawanie-teczowki-biometria\results_mmu_small\kodowanie\10_left_fional3_iris_mask.npy,2048,1.0,0.02454369260617026,ok
fional4.bmp,10_left,C:\Studia\6 sem\biometria\projekt_2_koniec\rozpoznawanie-teczowki-biometria\results_mmu_small\kodowanie\10_left_fional4_iris_code.npy,C:\Studia\6 sem\biometria\projekt_2_koniec\rozpoznawanie-teczowki-biometria\results_mmu_small\kodowanie\10_left_fional4_iris_mask.npy,2048,1.0,0.02454369260617026,ok
fional5.bmp,10_left,C:\Studia\6 sem\biometria\projekt_2_koniec\rozpoznawanie-teczowki-biometria\results_mmu_small\kodowanie\10_left_fional5_iris_code.npy,C:\Studia\6 sem\biometria\projekt_2_koniec\rozpoznawanie-teczowki-biometria\results_mmu_small\kodowanie\10_left_fional5_iris_mask.npy,2048,1.0,0.02454369260617026,ok
fionar1.bmp,10_right,C:\Studia\6 sem\biometria\projekt_2_koniec\rozpoznawanie-teczowki-biometria\results_mmu_small\kodowanie\10_right_fionar1_iris_code.npy,C:\Studia\6 sem\biometria\projekt_2_koniec\rozpoznawanie-teczowki-biometria\results_mmu_small\kodowanie\10_right_fionar1_iris_mask.npy,2048,1.0,0.02454369260617026,ok
fionar2.bmp,10_right,C:\Studia\6 sem\biometria\projekt_2_koniec\rozpoznawanie-teczowki-biometria\results_mmu_small\kodowanie\10_right_fionar2_iris_code.npy,C:\Studia\6 sem\biometria\projekt_2_koniec\rozpoznawanie-teczowki-biometria\results_mmu_small\kodowanie\10_right_fionar2_iris_mask.npy,2048,1.0,0.02454369260617026,ok
fionar3.bmp,10_right,C:\Studia\6 sem\biometria\projekt_2_koniec\rozpoznawanie-teczowki-biometria\results_mmu_small\kodowanie\10_right_fionar3_iris_code.npy,C:\Studia\6 sem\biometria\projekt_2_koniec\rozpoznawanie-teczowki-biometria\results_mmu_small\kodowanie\10_right_fionar3_iris_mask.npy,2048,1.0,0.02454369260617026,ok
fionar4.bmp,10_right,C:\Studia\6 sem\biometria\projekt_2_koniec\rozpoznawanie-teczowki-biometria\results_mmu_small\kodowanie\10_right_fionar4_iris_code.npy,C:\Studia\6 sem\biometria\projekt_2_koniec\rozpoznawanie-teczowki-biometria\results_mmu_small\kodowanie\10_right_fionar4_iris_mask.npy,2048,1.0,0.02454369260617026,ok
fionar5.bmp,10_right,C:\Studia\6 sem\biometria\projekt_2_koniec\rozpoznawanie-teczowki-biometria\results_mmu_small\kodowanie\10_right_fionar5_iris_code.npy,C:\Studia\6 sem\biometria\projekt_2_koniec\rozpoznawanie-teczowki-biometria\results_mmu_small\kodowanie\10_right_fionar5_iris_mask.npy,2048,1.0,0.02454369260617026,ok
hockl1.bmp,11_left,C:\Studia\6 sem\biometria\projekt_2_koniec\rozpoznawanie-teczowki-biometria\results_mmu_small\kodowanie\11_left_hockl1_iris_code.npy,C:\Studia\6 sem\biometria\projekt_2_koniec\rozpoznawanie-teczowki-biometria\results_mmu_small\kodowanie\11_left_hockl1_iris_mask.npy,2048,1.0,0.02454369260617026,ok
hockl2.bmp,11_left,C:\Studia\6 sem\biometria\projekt_2_koniec\rozpoznawanie-teczowki-biometria\results_mmu_small\kodowanie\11_left_hockl2_iris_code.npy,C:\Studia\6 sem\biometria\projekt_2_koniec\rozpoznawanie-teczowki-biometria\results_mmu_small\kodowanie\11_left_hockl2_iris_mask.npy,2048,1.0,0.02454369260617026,ok
hockl3.bmp,11_left,C:\Studia\6 sem\biometria\projekt_2_koniec\rozpoznawanie-teczowki-biometria\results_mmu_small\kodowanie\11_left_hockl3_iris_code.npy,C:\Studia\6 sem\biometria\projekt_2_koniec\rozpoznawanie-teczowki-biometria\results_mmu_small\kodowanie\11_left_hockl3_iris_mask.npy,2048,1.0,0.02454369260617026,ok
hockl4.bmp,11_left,C:\Studia\6 sem\biometria\projekt_2_koniec\rozpoznawanie-teczowki-biometria\results_mmu_small\kodowanie\11_left_hockl4_iris_code.npy,C:\Studia\6 sem\biometria\projekt_2_koniec\rozpoznawanie-teczowki-biometria\results_mmu_small\kodowanie\11_left_hockl4_iris_mask.npy,2048,1.0,0.02454369260617026,ok
hockl5.bmp,11_left,C:\Studia\6 sem\biometria\projekt_2_koniec\rozpoznawanie-teczowki-biometria\results_mmu_small\kodowanie\11_left_hockl5_iris_code.npy,C:\Studia\6 sem\biometria\projekt_2_koniec\rozpoznawanie-teczowki-biometria\results_mmu_small\kodowanie\11_left_hockl5_iris_mask.npy,2048,1.0,0.02454369260617026,ok
hockr1.bmp,11_right,C:\Studia\6 sem\biometria\projekt_2_koniec\rozpoznawanie-teczowki-biometria\results_mmu_small\kodowanie\11_right_hockr1_iris_code.npy,C:\Studia\6 sem\biometria\projekt_2_koniec\rozpoznawanie-teczowki-biometria\results_mmu_small\kodowanie\11_right_hockr1_iris_mask.npy,2048,1.0,0.02454369260617026,ok
hockr2.bmp,11_right,C:\Studia\6 sem\biometria\projekt_2_koniec\rozpoznawanie-teczowki-biometria\results_mmu_small\kodowanie\11_right_hockr2_iris_code.npy,C:\Studia\6 sem\biometria\projekt_2_koniec\rozpoznawanie-teczowki-biometria\results_mmu_small\kodowanie\11_right_hockr2_iris_mask.npy,2048,1.0,0.02454369260617026,ok
hockr3.bmp,11_right,C:\Studia\6 sem\biometria\projekt_2_koniec\rozpoznawanie-teczowki-biometria\results_mmu_small\kodowanie\11_right_hockr3_iris_code.npy,C:\Studia\6 sem\biometria\projekt_2_koniec\rozpoznawanie-teczowki-biometria\results_mmu_small\kodowanie\11_right_hockr3_iris_mask.npy,2048,1.0,0.02454369260617026,ok
hockr4.bmp,11_right,C:\Studia\6 sem\biometria\projekt_2_koniec\rozpoznawanie-teczowki-biometria\results_mmu_small\kodowanie\11_right_hockr4_iris_code.npy,C:\Studia\6 sem\biometria\projekt_2_koniec\rozpoznawanie-teczowki-biometria\results_mmu_small\kodowanie\11_right_hockr4_iris_mask.npy,2048,1.0,0.02454369260617026,ok
hockr5.bmp,11_right,C:\Studia\6 sem\biometria\projekt_2_koniec\rozpoznawanie-teczowki-biometria\results_mmu_small\kodowanie\11_right_hockr5_iris_code.npy,C:\Studia\6 sem\biometria\projekt_2_koniec\rozpoznawanie-teczowki-biometria\results_mmu_small\kodowanie\11_right_hockr5_iris_mask.npy,2048,1.0,0.02454369260617026,ok
kelvinl1.bmp,12_left,C:\Studia\6 sem\biometria\projekt_2_koniec\rozpoznawanie-teczowki-biometria\results_mmu_small\kodowanie\12_left_kelvinl1_iris_code.npy,C:\Studia\6 sem\biometria\projekt_2_koniec\rozpoznawanie-teczowki-biometria\results_mmu_small\kodowanie\12_left_kelvinl1_iris_mask.npy,2048,1.0,0.02454369260617026,ok
kelvinl2.bmp,12_left,C:\Studia\6 sem\biometria\projekt_2_koniec\rozpoznawanie-teczowki-biometria\results_mmu_small\kodowanie\12_left_kelvinl2_iris_code.npy,C:\Studia\6 sem\biometria\projekt_2_koniec\rozpoznawanie-teczowki-biometria\results_mmu_small\kodowanie\12_left_kelvinl2_iris_mask.npy,2048,1.0,0.02454369260617026,ok
kelvinl3.bmp,12_left,C:\Studia\6 sem\biometria\projekt_2_koniec\rozpoznawanie-teczowki-biometria\results_mmu_small\kodowanie\12_left_kelvinl3_iris_code.npy,C:\Studia\6 sem\biometria\projekt_2_koniec\rozpoznawanie-teczowki-biometria\results_mmu_small\kodowanie\12_left_kelvinl3_iris_mask.npy,2048,1.0,0.02454369260617026,ok
kelvinl4.bmp,12_left,C:\Studia\6 sem\biometria\projekt_2_koniec\rozpoznawanie-teczowki-biometria\results_mmu_small\kodowanie\12_left_kelvinl4_iris_code.npy,C:\Studia\6 sem\biometria\projekt_2_koniec\rozpoznawanie-teczowki-biometria\results_mmu_small\kodowanie\12_left_kelvinl4_iris_mask.npy,2048,1.0,0.02454369260617026,ok
kelvinl5.bmp,12_left,C:\Studia\6 sem\biometria\projekt_2_koniec\rozpoznawanie-teczowki-biometria\results_mmu_small\kodowanie\12_left_kelvinl5_iris_code.npy,C:\Studia\6 sem\biometria\projekt_2_koniec\rozpoznawanie-teczowki-biometria\results_mmu_small\kodowanie\12_left_kelvinl5_iris_mask.npy,2048,1.0,0.02454369260617026,ok
kelvinr1.bmp,12_right,C:\Studia\6 sem\biometria\projekt_2_koniec\rozpoznawanie-teczowki-biometria\results_mmu_small\kodowanie\12_right_kelvinr1_iris_code.npy,C:\Studia\6 sem\biometria\projekt_2_koniec\rozpoznawanie-teczowki-biometria\results_mmu_small\kodowanie\12_right_kelvinr1_iris_mask.npy,2048,1.0,0.02454369260617026,ok
kelvinr2.bmp,12_right,C:\Studia\6 sem\biometria\projekt_2_koniec\rozpoznawanie-teczowki-biometria\results_mmu_small\kodowanie\12_right_kelvinr2_iris_code.npy,C:\Studia\6 sem\biometria\projekt_2_koniec\rozpoznawanie-teczowki-biometria\results_mmu_small\kodowanie\12_right_kelvinr2_iris_mask.npy,2048,1.0,0.02454369260617026,ok
kelvinr3.bmp,12_right,C:\Studia\6 sem\biometria\projekt_2_koniec\rozpoznawanie-teczowki-biometria\results_mmu_small\kodowanie\12_right_kelvinr3_iris_code.npy,C:\Studia\6 sem\biometria\projekt_2_koniec\rozpoznawanie-teczowki-biometria\results_mmu_small\kodowanie\12_right_kelvinr3_iris_mask.npy,2048,1.0,0.02454369260617026,ok
kelvinr4.bmp,12_right,C:\Studia\6 sem\biometria\projekt_2_koniec\rozpoznawanie-teczowki-biometria\results_mmu_small\kodowanie\12_right_kelvinr4_iris_code.npy,C:\Studia\6 sem\biometria\projekt_2_koniec\rozpoznawanie-teczowki-biometria\results_mmu_small\kodowanie\12_right_kelvinr4_iris_mask.npy,2048,1.0,0.02454369260617026,ok
kelvinr5.bmp,12_right,C:\Studia\6 sem\biometria\projekt_2_koniec\rozpoznawanie-teczowki-biometria\results_mmu_small\kodowanie\12_right_kelvinr5_iris_code.npy,C:\Studia\6 sem\biometria\projekt_2_koniec\rozpoznawanie-teczowki-biometria\results_mmu_small\kodowanie\12_right_kelvinr5_iris_mask.npy,2048,1.0,0.02454369260617026,ok
lec_1.bmp,13_left,C:\Studia\6 sem\biometria\projekt_2_koniec\rozpoznawanie-teczowki-biometria\results_mmu_small\kodowanie\13_left_lec_1_iris_code.npy,C:\Studia\6 sem\biometria\projekt_2_koniec\rozpoznawanie-teczowki-biometria\results_mmu_small\kodowanie\13_left_lec_1_iris_mask.npy,2048,1.0,0.02454369260617026,ok
lecl2.bmp,13_left,C:\Studia\6 sem\biometria\projekt_2_koniec\rozpoznawanie-teczowki-biometria\results_mmu_small\kodowanie\13_left_lecl2_iris_code.npy,C:\Studia\6 sem\biometria\projekt_2_koniec\rozpoznawanie-teczowki-biometria\results_mmu_small\kodowanie\13_left_lecl2_iris_mask.npy,2048,1.0,0.02454369260617026,ok
lecl3.bmp,13_left,C:\Studia\6 sem\biometria\projekt_2_koniec\rozpoznawanie-teczowki-biometria\results_mmu_small\kodowanie\13_left_lecl3_iris_code.npy,C:\Studia\6 sem\biometria\projekt_2_koniec\rozpoznawanie-teczowki-biometria\results_mmu_small\kodowanie\13_left_lecl3_iris_mask.npy,2048,1.0,0.02454369260617026,ok
lecl4.bmp,13_left,C:\Studia\6 sem\biometria\projekt_2_koniec\rozpoznawanie-teczowki-biometria\results_mmu_small\kodowanie\13_left_lecl4_iris_code.npy,C:\Studia\6 sem\biometria\projekt_2_koniec\rozpoznawanie-teczowki-biometria\results_mmu_small\kodowanie\13_left_lecl4_iris_mask.npy,2048,1.0,0.02454369260617026,ok
lecl5.bmp,13_left,C:\Studia\6 sem\biometria\projekt_2_koniec\rozpoznawanie-teczowki-biometria\results_mmu_small\kodowanie\13_left_lecl5_iris_code.npy,C:\Studia\6 sem\biometria\projekt_2_koniec\rozpoznawanie-teczowki-biometria\results_mmu_small\kodowanie\13_left_lecl5_iris_mask.npy,2048,1.0,0.02454369260617026,ok
lecr1.bmp,13_right,C:\Studia\6 sem\biometria\projekt_2_koniec\rozpoznawanie-teczowki-biometria\results_mmu_small\kodowanie\13_right_lecr1_iris_code.npy,C:\Studia\6 sem\biometria\projekt_2_koniec\rozpoznawanie-teczowki-biometria\results_mmu_small\kodowanie\13_right_lecr1_iris_mask.npy,2048,1.0,0.02454369260617026,ok
lecr2.bmp,13_right,C:\Studia\6 sem\biometria\projekt_2_koniec\rozpoznawanie-teczowki-biometria\results_mmu_small\kodowanie\13_right_lecr2_iris_code.npy,C:\Studia\6 sem\biometria\projekt_2_koniec\rozpoznawanie-teczowki-biometria\results_mmu_small\kodowanie\13_right_lecr2_iris_mask.npy,2048,1.0,0.02454369260617026,ok
lecr3.bmp,13_right,C:\Studia\6 sem\biometria\projekt_2_koniec\rozpoznawanie-teczowki-biometria\results_mmu_small\kodowanie\13_right_lecr3_iris_code.npy,C:\Studia\6 sem\biometria\projekt_2_koniec\rozpoznawanie-teczowki-biometria\results_mmu_small\kodowanie\13_right_lecr3_iris_mask.npy,2048,1.0,0.02454369260617026,ok
lecr4.bmp,13_right,C:\Studia\6 sem\biometria\projekt_2_koniec\rozpoznawanie-teczowki-biometria\results_mmu_small\kodowanie\13_right_lecr4_iris_code.npy,C:\Studia\6 sem\biometria\projekt_2_koniec\rozpoznawanie-teczowki-biometria\results_mmu_small\kodowanie\13_right_lecr4_iris_mask.npy,2048,1.0,0.02454369260617026,ok
lecr5.bmp,13_right,C:\Studia\6 sem\biometria\projekt_2_koniec\rozpoznawanie-teczowki-biometria\results_mmu_small\kodowanie\13_right_lecr5_iris_code.npy,C:\Studia\6 sem\biometria\projekt_2_koniec\rozpoznawanie-teczowki-biometria\results_mmu_small\kodowanie\13_right_lecr5_iris_mask.npy,2048,1.0,0.02454369260617026,ok
liujwl1.bmp,14_left,C:\Studia\6 sem\biometria\projekt_2_koniec\rozpoznawanie-teczowki-biometria\results_mmu_small\kodowanie\14_left_liujwl1_iris_code.npy,C:\Studia\6 sem\biometria\projekt_2_koniec\rozpoznawanie-teczowki-biometria\results_mmu_small\kodowanie\14_left_liujwl1_iris_mask.npy,2048,1.0,0.02454369260617026,ok
liujwl2.bmp,14_left,C:\Studia\6 sem\biometria\projekt_2_koniec\rozpoznawanie-teczowki-biometria\results_mmu_small\kodowanie\14_left_liujwl2_iris_code.npy,C:\Studia\6 sem\biometria\projekt_2_koniec\rozpoznawanie-teczowki-biometria\results_mmu_small\kodowanie\14_left_liujwl2_iris_mask.npy,2048,1.0,0.02454369260617026,ok
liujwl3.bmp,14_left,C:\Studia\6 sem\biometria\projekt_2_koniec\rozpoznawanie-teczowki-biometria\results_mmu_small\kodowanie\14_left_liujwl3_iris_code.npy,C:\Studia\6 sem\biometria\projekt_2_koniec\rozpoznawanie-teczowki-biometria\results_mmu_small\kodowanie\14_left_liujwl3_iris_mask.npy,2048,1.0,0.02454369260617026,ok
liujwl4.bmp,14_left,C:\Studia\6 sem\biometria\projekt_2_koniec\rozpoznawanie-teczowki-biometria\results_mmu_small\kodowanie\14_left_liujwl4_iris_code.npy,C:\Studia\6 sem\biometria\projekt_2_koniec\rozpoznawanie-teczowki-biometria\results_mmu_small\kodowanie\14_left_liujwl4_iris_mask.npy,2048,1.0,0.02454369260617026,ok
liujwl5.bmp,14_left,C:\Studia\6 sem\biometria\projekt_2_koniec\rozpoznawanie-teczowki-biometria\results_mmu_small\kodowanie\14_left_liujwl5_iris_code.npy,C:\Studia\6 sem\biometria\projekt_2_koniec\rozpoznawanie-teczowki-biometria\results_mmu_small\kodowanie\14_left_liujwl5_iris_mask.npy,2048,1.0,0.02454369260617026,ok
liujwr1.bmp,14_right,C:\Studia\6 sem\biometria\projekt_2_koniec\rozpoznawanie-teczowki-biometria\results_mmu_small\kodowanie\14_right_liujwr1_iris_code.npy,C:\Studia\6 sem\biometria\projekt_2_koniec\rozpoznawanie-teczowki-biometria\results_mmu_small\kodowanie\14_right_liujwr1_iris_mask.npy,2048,1.0,0.02454369260617026,ok
liujwr2.bmp,14_right,C:\Studia\6 sem\biometria\projekt_2_koniec\rozpoznawanie-teczowki-biometria\results_mmu_small\kodowanie\14_right_liujwr2_iris_code.npy,C:\Studia\6 sem\biometria\projekt_2_koniec\rozpoznawanie-teczowki-biometria\results_mmu_small\kodowanie\14_right_liujwr2_iris_mask.npy,2048,1.0,0.02454369260617026,ok
liujwr3.bmp,14_right,C:\Studia\6 sem\biometria\projekt_2_koniec\rozpoznawanie-teczowki-biometria\results_mmu_small\kodowanie\14_right_liujwr3_iris_code.npy,C:\Studia\6 sem\biometria\projekt_2_koniec\rozpoznawanie-teczowki-biometria\results_mmu_small\kodowanie\14_right_liujwr3_iris_mask.npy,2048,1.0,0.02454369260617026,ok
liujwr4.bmp,14_right,C:\Studia\6 sem\biometria\projekt_2_koniec\rozpoznawanie-teczowki-biometria\results_mmu_small\kodowanie\14_right_liujwr4_iris_code.npy,C:\Studia\6 sem\biometria\projekt_2_koniec\rozpoznawanie-teczowki-biometria\results_mmu_small\kodowanie\14_right_liujwr4_iris_mask.npy,2048,1.0,0.02454369260617026,ok
liujwr5.bmp,14_right,C:\Studia\6 sem\biometria\projekt_2_koniec\rozpoznawanie-teczowki-biometria\results_mmu_small\kodowanie\14_right_liujwr5_iris_code.npy,C:\Studia\6 sem\biometria\projekt_2_koniec\rozpoznawanie-teczowki-biometria\results_mmu_small\kodowanie\14_right_liujwr5_iris_mask.npy,2048,1.0,0.02454369260617026,ok
lokel1.bmp,15_left,C:\Studia\6 sem\biometria\projekt_2_koniec\rozpoznawanie-teczowki-biometria\results_mmu_small\kodowanie\15_left_lokel1_iris_code.npy,C:\Studia\6 sem\biometria\projekt_2_koniec\rozpoznawanie-teczowki-biometria\results_mmu_small\kodowanie\15_left_lokel1_iris_mask.npy,2048,1.0,0.02454369260617026,ok
lokel2.bmp,15_left,C:\Studia\6 sem\biometria\projekt_2_koniec\rozpoznawanie-teczowki-biometria\results_mmu_small\kodowanie\15_left_lokel2_iris_code.npy,C:\Studia\6 sem\biometria\projekt_2_koniec\rozpoznawanie-teczowki-biometria\results_mmu_small\kodowanie\15_left_lokel2_iris_mask.npy,2048,1.0,0.02454369260617026,ok
lokel3.bmp,15_left,C:\Studia\6 sem\biometria\projekt_2_koniec\rozpoznawanie-teczowki-biometria\results_mmu_small\kodowanie\15_left_lokel3_iris_code.npy,C:\Studia\6 sem\biometria\projekt_2_koniec\rozpoznawanie-teczowki-biometria\results_mmu_small\kodowanie\15_left_lokel3_iris_mask.npy,2048,1.0,0.02454369260617026,ok
lokel4.bmp,15_left,C:\Studia\6 sem\biometria\projekt_2_koniec\rozpoznawanie-teczowki-biometria\results_mmu_small\kodowanie\15_left_lokel4_iris_code.npy,C:\Studia\6 sem\biometria\projekt_2_koniec\rozpoznawanie-teczowki-biometria\results_mmu_small\kodowanie\15_left_lokel4_iris_mask.npy,2048,1.0,0.02454369260617026,ok
lokel5.bmp,15_left,C:\Studia\6 sem\biometria\projekt_2_koniec\rozpoznawanie-teczowki-biometria\results_mmu_small\kodowanie\15_left_lokel5_iris_code.npy,C:\Studia\6 sem\biometria\projekt_2_koniec\rozpoznawanie-teczowki-biometria\results_mmu_small\kodowanie\15_left_lokel5_iris_mask.npy,2048,1.0,0.02454369260617026,ok
loker1.bmp,15_right,C:\Studia\6 sem\biometria\projekt_2_koniec\rozpoznawanie-teczowki-biometria\results_mmu_small\kodowanie\15_right_loker1_iris_code.npy,C:\Studia\6 sem\biometria\projekt_2_koniec\rozpoznawanie-teczowki-biometria\results_mmu_small\kodowanie\15_right_loker1_iris_mask.npy,2048,1.0,0.02454369260617026,ok
loker2.bmp,15_right,C:\Studia\6 sem\biometria\projekt_2_koniec\rozpoznawanie-teczowki-biometria\results_mmu_small\kodowanie\15_right_loker2_iris_code.npy,C:\Studia\6 sem\biometria\projekt_2_koniec\rozpoznawanie-teczowki-biometria\results_mmu_small\kodowanie\15_right_loker2_iris_mask.npy,2048,1.0,0.02454369260617026,ok
loker3.bmp,15_right,C:\Studia\6 sem\biometria\projekt_2_koniec\rozpoznawanie-teczowki-biometria\results_mmu_small\kodowanie\15_right_loker3_iris_code.npy,C:\Studia\6 sem\biometria\projekt_2_koniec\rozpoznawanie-teczowki-biometria\results_mmu_small\kodowanie\15_right_loker3_iris_mask.npy,2048,1.0,0.02454369260617026,ok
loker4.bmp,15_right,C:\Studia\6 sem\biometria\projekt_2_koniec\rozpoznawanie-teczowki-biometria\results_mmu_small\kodowanie\15_right_loker4_iris_code.npy,C:\Studia\6 sem\biometria\projekt_2_koniec\rozpoznawanie-teczowki-biometria\results_mmu_small\kodowanie\15_right_loker4_iris_mask.npy,2048,1.0,0.02454369260617026,ok
loker5.bmp,15_right,C:\Studia\6 sem\biometria\projekt_2_koniec\rozpoznawanie-teczowki-biometria\results_mmu_small\kodowanie\15_right_loker5_iris_code.npy,C:\Studia\6 sem\biometria\projekt_2_koniec\rozpoznawanie-teczowki-biometria\results_mmu_small\kodowanie\15_right_loker5_iris_mask.npy,2048,1.0,0.02454369260617026,ok
lowyfl1.bmp,16_left,C:\Studia\6 sem\biometria\projekt_2_koniec\rozpoznawanie-teczowki-biometria\results_mmu_small\kodowanie\16_left_lowyfl1_iris_code.npy,C:\Studia\6 sem\biometria\projekt_2_koniec\rozpoznawanie-teczowki-biometria\results_mmu_small\kodowanie\16_left_lowyfl1_iris_mask.npy,2048,1.0,0.02454369260617026,ok
lowyfl2.bmp,16_left,C:\Studia\6 sem\biometria\projekt_2_koniec\rozpoznawanie-teczowki-biometria\results_mmu_small\kodowanie\16_left_lowyfl2_iris_code.npy,C:\Studia\6 sem\biometria\projekt_2_koniec\rozpoznawanie-teczowki-biometria\results_mmu_small\kodowanie\16_left_lowyfl2_iris_mask.npy,2048,1.0,0.02454369260617026,ok
lowyfl3.bmp,16_left,C:\Studia\6 sem\biometria\projekt_2_koniec\rozpoznawanie-teczowki-biometria\results_mmu_small\kodowanie\16_left_lowyfl3_iris_code.npy,C:\Studia\6 sem\biometria\projekt_2_koniec\rozpoznawanie-teczowki-biometria\results_mmu_small\kodowanie\16_left_lowyfl3_iris_mask.npy,2048,1.0,0.02454369260617026,ok
lowyfl4.bmp,16_left,C:\Studia\6 sem\biometria\projekt_2_koniec\rozpoznawanie-teczowki-biometria\results_mmu_small\kodowanie\16_left_lowyfl4_iris_code.npy,C:\Studia\6 sem\biometria\projekt_2_koniec\rozpoznawanie-teczowki-biometria\results_mmu_small\kodowanie\16_left_lowyfl4_iris_mask.npy,2048,1.0,0.02454369260617026,ok
lowyfl5.bmp,16_left,C:\Studia\6 sem\biometria\projekt_2_koniec\rozpoznawanie-teczowki-biometria\results_mmu_small\kodowanie\16_left_lowyfl5_iris_code.npy,C:\Studia\6 sem\biometria\projekt_2_koniec\rozpoznawanie-teczowki-biometria\results_mmu_small\kodowanie\16_left_lowyfl5_iris_mask.npy,2048,1.0,0.02454369260617026,ok
lowyfr1.bmp,16_right,C:\Studia\6 sem\biometria\projekt_2_koniec\rozpoznawanie-teczowki-biometria\results_mmu_small\kodowanie\16_right_lowyfr1_iris_code.npy,C:\Studia\6 sem\biometria\projekt_2_koniec\rozpoznawanie-teczowki-biometria\results_mmu_small\kodowanie\16_right_lowyfr1_iris_mask.npy,2048,1.0,0.02454369260617026,ok
lowyfr2.bmp,16_right,C:\Studia\6 sem\biometria\projekt_2_koniec\rozpoznawanie-teczowki-biometria\results_mmu_small\kodowanie\16_right_lowyfr2_iris_code.npy,C:\Studia\6 sem\biometria\projekt_2_koniec\rozpoznawanie-teczowki-biometria\results_mmu_small\kodowanie\16_right_lowyfr2_iris_mask.npy,2048,1.0,0.02454369260617026,ok
lowyfr3.bmp,16_right,C:\Studia\6 sem\biometria\projekt_2_koniec\rozpoznawanie-teczowki-biometria\results_mmu_small\kodowanie\16_right_lowyfr3_iris_code.npy,C:\Studia\6 sem\biometria\projekt_2_koniec\rozpoznawanie-teczowki-biometria\results_mmu_small\kodowanie\16_right_lowyfr3_iris_mask.npy,2048,1.0,0.02454369260617026,ok
lowyfr4.bmp,16_right,C:\Studia\6 sem\biometria\projekt_2_koniec\rozpoznawanie-teczowki-biometria\results_mmu_small\kodowanie\16_right_lowyfr4_iris_code.npy,C:\Studia\6 sem\biometria\projekt_2_koniec\rozpoznawanie-teczowki-biometria\results_mmu_small\kodowanie\16_right_lowyfr4_iris_mask.npy,2048,1.0,0.02454369260617026,ok
lowyfr5.bmp,16_right,C:\Studia\6 sem\biometria\projekt_2_koniec\rozpoznawanie-teczowki-biometria\results_mmu_small\kodowanie\16_right_lowyfr5_iris_code.npy,C:\Studia\6 sem\biometria\projekt_2_koniec\rozpoznawanie-teczowki-biometria\results_mmu_small\kodowanie\16_right_lowyfr5_iris_mask.npy,2048,1.0,0.02454369260617026,ok
lpjl1.bmp,17_left,C:\Studia\6 sem\biometria\projekt_2_koniec\rozpoznawanie-teczowki-biometria\results_mmu_small\kodowanie\17_left_lpjl1_iris_code.npy,C:\Studia\6 sem\biometria\projekt_2_koniec\rozpoznawanie-teczowki-biometria\results_mmu_small\kodowanie\17_left_lpjl1_iris_mask.npy,2048,1.0,0.02454369260617026,ok
lpjl2.bmp,17_left,C:\Studia\6 sem\biometria\projekt_2_koniec\rozpoznawanie-teczowki-biometria\results_mmu_small\kodowanie\17_left_lpjl2_iris_code.npy,C:\Studia\6 sem\biometria\projekt_2_koniec\rozpoznawanie-teczowki-biometria\results_mmu_small\kodowanie\17_left_lpjl2_iris_mask.npy,2048,1.0,0.02454369260617026,ok
lpjl3.bmp,17_left,C:\Studia\6 sem\biometria\projekt_2_koniec\rozpoznawanie-teczowki-biometria\results_mmu_small\kodowanie\17_left_lpjl3_iris_code.npy,C:\Studia\6 sem\biometria\projekt_2_koniec\rozpoznawanie-teczowki-biometria\results_mmu_small\kodowanie\17_left_lpjl3_iris_mask.npy,2048,1.0,0.02454369260617026,ok
lpjl4.bmp,17_left,C:\Studia\6 sem\biometria\projekt_2_koniec\rozpoznawanie-teczowki-biometria\results_mmu_small\kodowanie\17_left_lpjl4_iris_code.npy,C:\Studia\6 sem\biometria\projekt_2_koniec\rozpoznawanie-teczowki-biometria\results_mmu_small\kodowanie\17_left_lpjl4_iris_mask.npy,2048,1.0,0.02454369260617026,ok
lpjl5.bmp,17_left,C:\Studia\6 sem\biometria\projekt_2_koniec\rozpoznawanie-teczowki-biometria\results_mmu_small\kodowanie\17_left_lpjl5_iris_code.npy,C:\Studia\6 sem\biometria\projekt_2_koniec\rozpoznawanie-teczowki-biometria\results_mmu_small\kodowanie\17_left_lpjl5_iris_mask.npy,2048,1.0,0.02454369260617026,ok
lpjr1.bmp,17_right,C:\Studia\6 sem\biometria\projekt_2_koniec\rozpoznawanie-teczowki-biometria\results_mmu_small\kodowanie\17_right_lpjr1_iris_code.npy,C:\Studia\6 sem\biometria\projekt_2_koniec\rozpoznawanie-teczowki-biometria\results_mmu_small\kodowanie\17_right_lpjr1_iris_mask.npy,2048,1.0,0.02454369260617026,ok
lpjr2.bmp,17_right,C:\Studia\6 sem\biometria\projekt_2_koniec\rozpoznawanie-teczowki-biometria\results_mmu_small\kodowanie\17_right_lpjr2_iris_code.npy,C:\Studia\6 sem\biometria\projekt_2_koniec\rozpoznawanie-teczowki-biometria\results_mmu_small\kodowanie\17_right_lpjr2_iris_mask.npy,2048,1.0,0.02454369260617026,ok
lpjr3.bmp,17_right,C:\Studia\6 sem\biometria\projekt_2_koniec\rozpoznawanie-teczowki-biometria\results_mmu_small\kodowanie\17_right_lpjr3_iris_code.npy,C:\Studia\6 sem\biometria\projekt_2_koniec\rozpoznawanie-teczowki-biometria\results_mmu_small\kodowanie\17_right_lpjr3_iris_mask.npy,2048,1.0,0.02454369260617026,ok
lpjr4.bmp,17_right,C:\Studia\6 sem\biometria\projekt_2_koniec\rozpoznawanie-teczowki-biometria\results_mmu_small\kodowanie\17_right_lpjr4_iris_code.npy,C:\Studia\6 sem\biometria\projekt_2_koniec\rozpoznawanie-teczowki-biometria\results_mmu_small\kodowanie\17_right_lpjr4_iris_mask.npy,2048,1.0,0.02454369260617026,ok
lpjr5.bmp,17_right,C:\Studia\6 sem\biometria\projekt_2_koniec\rozpoznawanie-teczowki-biometria\results_mmu_small\kodowanie\17_right_lpjr5_iris_code.npy,C:\Studia\6 sem\biometria\projekt_2_koniec\rozpoznawanie-teczowki-biometria\results_mmu_small\kodowanie\17_right_lpjr5_iris_mask.npy,2048,1.0,0.02454369260617026,ok
mahskl1.bmp,18_left,C:\Studia\6 sem\biometria\projekt_2_koniec\rozpoznawanie-teczowki-biometria\results_mmu_small\kodowanie\18_left_mahskl1_iris_code.npy,C:\Studia\6 sem\biometria\projekt_2_koniec\rozpoznawanie-teczowki-biometria\results_mmu_small\kodowanie\18_left_mahskl1_iris_mask.npy,2048,1.0,0.02454369260617026,ok
mahskl2.bmp,18_left,C:\Studia\6 sem\biometria\projekt_2_koniec\rozpoznawanie-teczowki-biometria\results_mmu_small\kodowanie\18_left_mahskl2_iris_code.npy,C:\Studia\6 sem\biometria\projekt_2_koniec\rozpoznawanie-teczowki-biometria\results_mmu_small\kodowanie\18_left_mahskl2_iris_mask.npy,2048,1.0,0.02454369260617026,ok
mahskl3.bmp,18_left,C:\Studia\6 sem\biometria\projekt_2_koniec\rozpoznawanie-teczowki-biometria\results_mmu_small\kodowanie\18_left_mahskl3_iris_code.npy,C:\Studia\6 sem\biometria\projekt_2_koniec\rozpoznawanie-teczowki-biometria\results_mmu_small\kodowanie\18_left_mahskl3_iris_mask.npy,2048,1.0,0.02454369260617026,ok
mahskl4.bmp,18_left,C:\Studia\6 sem\biometria\projekt_2_koniec\rozpoznawanie-teczowki-biometria\results_mmu_small\kodowanie\18_left_mahskl4_iris_code.npy,C:\Studia\6 sem\biometria\projekt_2_koniec\rozpoznawanie-teczowki-biometria\results_mmu_small\kodowanie\18_left_mahskl4_iris_mask.npy,2048,1.0,0.02454369260617026,ok
mahskl5.bmp,18_left,C:\Studia\6 sem\biometria\projekt_2_koniec\rozpoznawanie-teczowki-biometria\results_mmu_small\kodowanie\18_left_mahskl5_iris_code.npy,C:\Studia\6 sem\biometria\projekt_2_koniec\rozpoznawanie-teczowki-biometria\results_mmu_small\kodowanie\18_left_mahskl5_iris_mask.npy,2048,1.0,0.02454369260617026,ok
mahskr1.bmp,18_right,C:\Studia\6 sem\biometria\projekt_2_koniec\rozpoznawanie-teczowki-biometria\results_mmu_small\kodowanie\18_right_mahskr1_iris_code.npy,C:\Studia\6 sem\biometria\projekt_2_koniec\rozpoznawanie-teczowki-biometria\results_mmu_small\kodowanie\18_right_mahskr1_iris_mask.npy,2048,1.0,0.02454369260617026,ok
mahskr2.bmp,18_right,C:\Studia\6 sem\biometria\projekt_2_koniec\rozpoznawanie-teczowki-biometria\results_mmu_small\kodowanie\18_right_mahskr2_iris_code.npy,C:\Studia\6 sem\biometria\projekt_2_koniec\rozpoznawanie-teczowki-biometria\results_mmu_small\kodowanie\18_right_mahskr2_iris_mask.npy,2048,1.0,0.02454369260617026,ok
mahskr3.bmp,18_right,C:\Studia\6 sem\biometria\projekt_2_koniec\rozpoznawanie-teczowki-biometria\results_mmu_small\kodowanie\18_right_mahskr3_iris_code.npy,C:\Studia\6 sem\biometria\projekt_2_koniec\rozpoznawanie-teczowki-biometria\results_mmu_small\kodowanie\18_right_mahskr3_iris_mask.npy,2048,1.0,0.02454369260617026,ok
mahskr4.bmp,18_right,C:\Studia\6 sem\biometria\projekt_2_koniec\rozpoznawanie-teczowki-biometria\results_mmu_small\kodowanie\18_right_mahskr4_iris_code.npy,C:\Studia\6 sem\biometria\projekt_2_koniec\rozpoznawanie-teczowki-biometria\results_mmu_small\kodowanie\18_right_mahskr4_iris_mask.npy,2048,1.0,0.02454369260617026,ok
mahskr5.bmp,18_right,C:\Studia\6 sem\biometria\projekt_2_koniec\rozpoznawanie-teczowki-biometria\results_mmu_small\kodowanie\18_right_mahskr5_iris_code.npy,C:\Studia\6 sem\biometria\projekt_2_koniec\rozpoznawanie-teczowki-biometria\results_mmu_small\kodowanie\18_right_mahskr5_iris_mask.npy,2048,1.0,0.02454369260617026,ok
maranl1.bmp,19_left,C:\Studia\6 sem\biometria\projekt_2_koniec\rozpoznawanie-teczowki-biometria\results_mmu_small\kodowanie\19_left_maranl1_iris_code.npy,C:\Studia\6 sem\biometria\projekt_2_koniec\rozpoznawanie-teczowki-biometria\results_mmu_small\kodowanie\19_left_maranl1_iris_mask.npy,2048,1.0,0.02454369260617026,ok
maranl2.bmp,19_left,C:\Studia\6 sem\biometria\projekt_2_koniec\rozpoznawanie-teczowki-biometria\results_mmu_small\kodowanie\19_left_maranl2_iris_code.npy,C:\Studia\6 sem\biometria\projekt_2_koniec\rozpoznawanie-teczowki-biometria\results_mmu_small\kodowanie\19_left_maranl2_iris_mask.npy,2048,1.0,0.02454369260617026,ok
maranl3.bmp,19_left,C:\Studia\6 sem\biometria\projekt_2_koniec\rozpoznawanie-teczowki-biometria\results_mmu_small\kodowanie\19_left_maranl3_iris_code.npy,C:\Studia\6 sem\biometria\projekt_2_koniec\rozpoznawanie-teczowki-biometria\results_mmu_small\kodowanie\19_left_maranl3_iris_mask.npy,2048,1.0,0.02454369260617026,ok
maranl4.bmp,19_left,C:\Studia\6 sem\biometria\projekt_2_koniec\rozpoznawanie-teczowki-biometria\results_mmu_small\kodowanie\19_left_maranl4_iris_code.npy,C:\Studia\6 sem\biometria\projekt_2_koniec\rozpoznawanie-teczowki-biometria\results_mmu_small\kodowanie\19_left_maranl4_iris_mask.npy,2048,1.0,0.02454369260617026,ok
maranl5.bmp,19_left,C:\Studia\6 sem\biometria\projekt_2_koniec\rozpoznawanie-teczowki-biometria\results_mmu_small\kodowanie\19_left_maranl5_iris_code.npy,C:\Studia\6 sem\biometria\projekt_2_koniec\rozpoznawanie-teczowki-biometria\results_mmu_small\kodowanie\19_left_maranl5_iris_mask.npy,2048,1.0,0.02454369260617026,ok
maranr1.bmp,19_right,C:\Studia\6 sem\biometria\projekt_2_koniec\rozpoznawanie-teczowki-biometria\results_mmu_small\kodowanie\19_right_maranr1_iris_code.npy,C:\Studia\6 sem\biometria\projekt_2_koniec\rozpoznawanie-teczowki-biometria\results_mmu_small\kodowanie\19_right_maranr1_iris_mask.npy,2048,1.0,0.02454369260617026,ok
maranr2.bmp,19_right,C:\Studia\6 sem\biometria\projekt_2_koniec\rozpoznawanie-teczowki-biometria\results_mmu_small\kodowanie\19_right_maranr2_iris_code.npy,C:\Studia\6 sem\biometria\projekt_2_koniec\rozpoznawanie-teczowki-biometria\results_mmu_small\kodowanie\19_right_maranr2_iris_mask.npy,2048,1.0,0.02454369260617026,ok
maranr3.bmp,19_right,C:\Studia\6 sem\biometria\projekt_2_koniec\rozpoznawanie-teczowki-biometria\results_mmu_small\kodowanie\19_right_maranr3_iris_code.npy,C:\Studia\6 sem\biometria\projekt_2_koniec\rozpoznawanie-teczowki-biometria\results_mmu_small\kodowanie\19_right_maranr3_iris_mask.npy,2048,1.0,0.02454369260617026,ok
maranr4.bmp,19_right,C:\Studia\6 sem\biometria\projekt_2_koniec\rozpoznawanie-teczowki-biometria\results_mmu_small\kodowanie\19_right_maranr4_iris_code.npy,C:\Studia\6 sem\biometria\projekt_2_koniec\rozpoznawanie-teczowki-biometria\results_mmu_small\kodowanie\19_right_maranr4_iris_mask.npy,2048,1.0,0.02454369260617026,ok
maranr5.bmp,19_right,C:\Studia\6 sem\biometria\projekt_2_koniec\rozpoznawanie-teczowki-biometria\results_mmu_small\kodowanie\19_right_maranr5_iris_code.npy,C:\Studia\6 sem\biometria\projekt_2_koniec\rozpoznawanie-teczowki-biometria\results_mmu_small\kodowanie\19_right_maranr5_iris_mask.npy,2048,1.0,0.02454369260617026,ok
bryanl1.bmp,2_left,C:\Studia\6 sem\biometria\projekt_2_koniec\rozpoznawanie-teczowki-biometria\results_mmu_small\kodowanie\2_left_bryanl1_iris_code.npy,C:\Studia\6 sem\biometria\projekt_2_koniec\rozpoznawanie-teczowki-biometria\results_mmu_small\kodowanie\2_left_bryanl1_iris_mask.npy,2048,1.0,0.02454369260617026,ok
bryanl2.bmp,2_left,C:\Studia\6 sem\biometria\projekt_2_koniec\rozpoznawanie-teczowki-biometria\results_mmu_small\kodowanie\2_left_bryanl2_iris_code.npy,C:\Studia\6 sem\biometria\projekt_2_koniec\rozpoznawanie-teczowki-biometria\results_mmu_small\kodowanie\2_left_bryanl2_iris_mask.npy,2048,1.0,0.02454369260617026,ok
bryanl3.bmp,2_left,C:\Studia\6 sem\biometria\projekt_2_koniec\rozpoznawanie-teczowki-biometria\results_mmu_small\kodowanie\2_left_bryanl3_iris_code.npy,C:\Studia\6 sem\biometria\projekt_2_koniec\rozpoznawanie-teczowki-biometria\results_mmu_small\kodowanie\2_left_bryanl3_iris_mask.npy,2048,1.0,0.02454369260617026,ok
bryanl4.bmp,2_left,C:\Studia\6 sem\biometria\projekt_2_koniec\rozpoznawanie-teczowki-biometria\results_mmu_small\kodowanie\2_left_bryanl4_iris_code.npy,C:\Studia\6 sem\biometria\projekt_2_koniec\rozpoznawanie-teczowki-biometria\results_mmu_small\kodowanie\2_left_bryanl4_iris_mask.npy,2048,1.0,0.02454369260617026,ok
bryanl5.bmp,2_left,C:\Studia\6 sem\biometria\projekt_2_koniec\rozpoznawanie-teczowki-biometria\results_mmu_small\kodowanie\2_left_bryanl5_iris_code.npy,C:\Studia\6 sem\biometria\projekt_2_koniec\rozpoznawanie-teczowki-biometria\results_mmu_small\kodowanie\2_left_bryanl5_iris_mask.npy,2048,1.0,0.02454369260617026,ok
bryanr1.bmp,2_right,C:\Studia\6 sem\biometria\projekt_2_koniec\rozpoznawanie-teczowki-biometria\results_mmu_small\kodowanie\2_right_bryanr1_iris_code.npy,C:\Studia\6 sem\biometria\projekt_2_koniec\rozpoznawanie-teczowki-biometria\results_mmu_small\kodowanie\2_right_bryanr1_iris_mask.npy,2048,1.0,0.02454369260617026,ok
bryanr2.bmp,2_right,C:\Studia\6 sem\biometria\projekt_2_koniec\rozpoznawanie-teczowki-biometria\results_mmu_small\kodowanie\2_right_bryanr2_iris_code.npy,C:\Studia\6 sem\biometria\projekt_2_koniec\rozpoznawanie-teczowki-biometria\results_mmu_small\kodowanie\2_right_bryanr2_iris_mask.npy,2048,1.0,0.02454369260617026,ok
bryanr3.bmp,2_right,C:\Studia\6 sem\biometria\projekt_2_koniec\rozpoznawanie-teczowki-biometria\results_mmu_small\kodowanie\2_right_bryanr3_iris_code.npy,C:\Studia\6 sem\biometria\projekt_2_koniec\rozpoznawanie-teczowki-biometria\results_mmu_small\kodowanie\2_right_bryanr3_iris_mask.npy,2048,1.0,0.02454369260617026,ok
bryanr4.bmp,2_right,C:\Studia\6 sem\biometria\projekt_2_koniec\rozpoznawanie-teczowki-biometria\results_mmu_small\kodowanie\2_right_bryanr4_iris_code.npy,C:\Studia\6 sem\biometria\projekt_2_koniec\rozpoznawanie-teczowki-biometria\results_mmu_small\kodowanie\2_right_bryanr4_iris_mask.npy,2048,1.0,0.02454369260617026,ok
bryanr5.bmp,2_right,C:\Studia\6 sem\biometria\projekt_2_koniec\rozpoznawanie-teczowki-biometria\results_mmu_small\kodowanie\2_right_bryanr5_iris_code.npy,C:\Studia\6 sem\biometria\projekt_2_koniec\rozpoznawanie-teczowki-biometria\results_mmu_small\kodowanie\2_right_bryanr5_iris_mask.npy,2048,1.0,0.02454369260617026,ok
masl1.bmp,20_left,C:\Studia\6 sem\biometria\projekt_2_koniec\rozpoznawanie-teczowki-biometria\results_mmu_small\kodowanie\20_left_masl1_iris_code.npy,C:\Studia\6 sem\biometria\projekt_2_koniec\rozpoznawanie-teczowki-biometria\results_mmu_small\kodowanie\20_left_masl1_iris_mask.npy,2048,1.0,0.02454369260617026,ok
masl2.bmp,20_left,C:\Studia\6 sem\biometria\projekt_2_koniec\rozpoznawanie-teczowki-biometria\results_mmu_small\kodowanie\20_left_masl2_iris_code.npy,C:\Studia\6 sem\biometria\projekt_2_koniec\rozpoznawanie-teczowki-biometria\results_mmu_small\kodowanie\20_left_masl2_iris_mask.npy,2048,1.0,0.02454369260617026,ok
masl3.bmp,20_left,C:\Studia\6 sem\biometria\projekt_2_koniec\rozpoznawanie-teczowki-biometria\results_mmu_small\kodowanie\20_left_masl3_iris_code.npy,C:\Studia\6 sem\biometria\projekt_2_koniec\rozpoznawanie-teczowki-biometria\results_mmu_small\kodowanie\20_left_masl3_iris_mask.npy,2048,1.0,0.02454369260617026,ok
masl4.bmp,20_left,C:\Studia\6 sem\biometria\projekt_2_koniec\rozpoznawanie-teczowki-biometria\results_mmu_small\kodowanie\20_left_masl4_iris_code.npy,C:\Studia\6 sem\biometria\projekt_2_koniec\rozpoznawanie-teczowki-biometria\results_mmu_small\kodowanie\20_left_masl4_iris_mask.npy,2048,1.0,0.02454369260617026,ok
masl5.bmp,20_left,C:\Studia\6 sem\biometria\projekt_2_koniec\rozpoznawanie-teczowki-biometria\results_mmu_small\kodowanie\20_left_masl5_iris_code.npy,C:\Studia\6 sem\biometria\projekt_2_koniec\rozpoznawanie-teczowki-biometria\results_mmu_small\kodowanie\20_left_masl5_iris_mask.npy,2048,1.0,0.02454369260617026,ok
masr1.bmp,20_right,C:\Studia\6 sem\biometria\projekt_2_koniec\rozpoznawanie-teczowki-biometria\results_mmu_small\kodowanie\20_right_masr1_iris_code.npy,C:\Studia\6 sem\biometria\projekt_2_koniec\rozpoznawanie-teczowki-biometria\results_mmu_small\kodowanie\20_right_masr1_iris_mask.npy,2048,1.0,0.02454369260617026,ok
masr2.bmp,20_right,C:\Studia\6 sem\biometria\projekt_2_koniec\rozpoznawanie-teczowki-biometria\results_mmu_small\kodowanie\20_right_masr2_iris_code.npy,C:\Studia\6 sem\biometria\projekt_2_koniec\rozpoznawanie-teczowki-biometria\results_mmu_small\kodowanie\20_right_masr2_iris_mask.npy,2048,1.0,0.02454369260617026,ok
masr3.bmp,20_right,C:\Studia\6 sem\biometria\projekt_2_koniec\rozpoznawanie-teczowki-biometria\results_mmu_small\kodowanie\20_right_masr3_iris_code.npy,C:\Studia\6 sem\biometria\projekt_2_koniec\rozpoznawanie-teczowki-biometria\results_mmu_small\kodowanie\20_right_masr3_iris_mask.npy,2048,1.0,0.02454369260617026,ok
masr4.bmp,20_right,C:\Studia\6 sem\biometria\projekt_2_koniec\rozpoznawanie-teczowki-biometria\results_mmu_small\kodowanie\20_right_masr4_iris_code.npy,C:\Studia\6 sem\biometria\projekt_2_koniec\rozpoznawanie-teczowki-biometria\results_mmu_small\kodowanie\20_right_masr4_iris_mask.npy,2048,1.0,0.02454369260617026,ok
masr5.bmp,20_right,C:\Studia\6 sem\biometria\projekt_2_koniec\rozpoznawanie-teczowki-biometria\results_mmu_small\kodowanie\20_right_masr5_iris_code.npy,C:\Studia\6 sem\biometria\projekt_2_koniec\rozpoznawanie-teczowki-biometria\results_mmu_small\kodowanie\20_right_masr5_iris_mask.npy,2048,1.0,0.02454369260617026,ok
mazwanl1.bmp,21_left,C:\Studia\6 sem\biometria\projekt_2_koniec\rozpoznawanie-teczowki-biometria\results_mmu_small\kodowanie\21_left_mazwanl1_iris_code.npy,C:\Studia\6 sem\biometria\projekt_2_koniec\rozpoznawanie-teczowki-biometria\results_mmu_small\kodowanie\21_left_mazwanl1_iris_mask.npy,2048,1.0,0.02454369260617026,ok
mazwanl2.bmp,21_left,C:\Studia\6 sem\biometria\projekt_2_koniec\rozpoznawanie-teczowki-biometria\results_mmu_small\kodowanie\21_left_mazwanl2_iris_code.npy,C:\Studia\6 sem\biometria\projekt_2_koniec\rozpoznawanie-teczowki-biometria\results_mmu_small\kodowanie\21_left_mazwanl2_iris_mask.npy,2048,1.0,0.02454369260617026,ok
mazwanl3.bmp,21_left,C:\Studia\6 sem\biometria\projekt_2_koniec\rozpoznawanie-teczowki-biometria\results_mmu_small\kodowanie\21_left_mazwanl3_iris_code.npy,C:\Studia\6 sem\biometria\projekt_2_koniec\rozpoznawanie-teczowki-biometria\results_mmu_small\kodowanie\21_left_mazwanl3_iris_mask.npy,2048,1.0,0.02454369260617026,ok
mazwanl4.bmp,21_left,C:\Studia\6 sem\biometria\projekt_2_koniec\rozpoznawanie-teczowki-biometria\results_mmu_small\kodowanie\21_left_mazwanl4_iris_code.npy,C:\Studia\6 sem\biometria\projekt_2_koniec\rozpoznawanie-teczowki-biometria\results_mmu_small\kodowanie\21_left_mazwanl4_iris_mask.npy,2048,1.0,0.02454369260617026,ok
mazwanl5.bmp,21_left,C:\Studia\6 sem\biometria\projekt_2_koniec\rozpoznawanie-teczowki-biometria\results_mmu_small\kodowanie\21_left_mazwanl5_iris_code.npy,C:\Studia\6 sem\biometria\projekt_2_koniec\rozpoznawanie-teczowki-biometria\results_mmu_small\kodowanie\21_left_mazwanl5_iris_mask.npy,2048,1.0,0.02454369260617026,ok
mazwanr1.bmp,21_right,C:\Studia\6 sem\biometria\projekt_2_koniec\rozpoznawanie-teczowki-biometria\results_mmu_small\kodowanie\21_right_mazwanr1_iris_code.npy,C:\Studia\6 sem\biometria\projekt_2_koniec\rozpoznawanie-teczowki-biometria\results_mmu_small\kodowanie\21_right_mazwanr1_iris_mask.npy,2048,1.0,0.02454369260617026,ok
mazwanr2.bmp,21_right,C:\Studia\6 sem\biometria\projekt_2_koniec\rozpoznawanie-teczowki-biometria\results_mmu_small\kodowanie\21_right_mazwanr2_iris_code.npy,C:\Studia\6 sem\biometria\projekt_2_koniec\rozpoznawanie-teczowki-biometria\results_mmu_small\kodowanie\21_right_mazwanr2_iris_mask.npy,2048,1.0,0.02454369260617026,ok
mazwanr3.bmp,21_right,C:\Studia\6 sem\biometria\projekt_2_koniec\rozpoznawanie-teczowki-biometria\results_mmu_small\kodowanie\21_right_mazwanr3_iris_code.npy,C:\Studia\6 sem\biometria\projekt_2_koniec\rozpoznawanie-teczowki-biometria\results_mmu_small\kodowanie\21_right_mazwanr3_iris_mask.npy,2048,1.0,0.02454369260617026,ok
mazwanr4.bmp,21_right,C:\Studia\6 sem\biometria\projekt_2_koniec\rozpoznawanie-teczowki-biometria\results_mmu_small\kodowanie\21_right_mazwanr4_iris_code.npy,C:\Studia\6 sem\biometria\projekt_2_koniec\rozpoznawanie-teczowki-biometria\results_mmu_small\kodowanie\21_right_mazwanr4_iris_mask.npy,2048,1.0,0.02454369260617026,ok
mazwanr5.bmp,21_right,C:\Studia\6 sem\biometria\projekt_2_koniec\rozpoznawanie-teczowki-biometria\results_mmu_small\kodowanie\21_right_mazwanr5_iris_code.npy,C:\Studia\6 sem\biometria\projekt_2_koniec\rozpoznawanie-teczowki-biometria\results_mmu_small\kodowanie\21_right_mazwanr5_iris_mask.npy,2048,1.0,0.02454369260617026,ok
chingycl1.bmp,3_left,C:\Studia\6 sem\biometria\projekt_2_koniec\rozpoznawanie-teczowki-biometria\results_mmu_small\kodowanie\3_left_chingycl1_iris_code.npy,C:\Studia\6 sem\biometria\projekt_2_koniec\rozpoznawanie-teczowki-biometria\results_mmu_small\kodowanie\3_left_chingycl1_iris_mask.npy,2048,1.0,0.02454369260617026,ok
chingycl2.bmp,3_left,C:\Studia\6 sem\biometria\projekt_2_koniec\rozpoznawanie-teczowki-biometria\results_mmu_small\kodowanie\3_left_chingycl2_iris_code.npy,C:\Studia\6 sem\biometria\projekt_2_koniec\rozpoznawanie-teczowki-biometria\results_mmu_small\kodowanie\3_left_chingycl2_iris_mask.npy,2048,1.0,0.02454369260617026,ok
chingycl3.bmp,3_left,C:\Studia\6 sem\biometria\projekt_2_koniec\rozpoznawanie-teczowki-biometria\results_mmu_small\kodowanie\3_left_chingycl3_iris_code.npy,C:\Studia\6 sem\biometria\projekt_2_koniec\rozpoznawanie-teczowki-biometria\results_mmu_small\kodowanie\3_left_chingycl3_iris_mask.npy,2048,1.0,0.02454369260617026,ok
chingycl4.bmp,3_left,C:\Studia\6 sem\biometria\projekt_2_koniec\rozpoznawanie-teczowki-biometria\results_mmu_small\kodowanie\3_left_chingycl4_iris_code.npy,C:\Studia\6 sem\biometria\projekt_2_koniec\rozpoznawanie-teczowki-biometria\results_mmu_small\kodowanie\3_left_chingycl4_iris_mask.npy,2048,1.0,0.02454369260617026,ok
chingycl5.bmp,3_left,C:\Studia\6 sem\biometria\projekt_2_koniec\rozpoznawanie-teczowki-biometria\results_mmu_small\kodowanie\3_left_chingycl5_iris_code.npy,C:\Studia\6 sem\biometria\projekt_2_koniec\rozpoznawanie-teczowki-biometria\results_mmu_small\kodowanie\3_left_chingycl5_iris_mask.npy,2048,1.0,0.02454369260617026,ok
chingycr1.bmp,3_right,C:\Studia\6 sem\biometria\projekt_2_koniec\rozpoznawanie-teczowki-biometria\results_mmu_small\kodowanie\3_right_chingycr1_iris_code.npy,C:\Studia\6 sem\biometria\projekt_2_koniec\rozpoznawanie-teczowki-biometria\results_mmu_small\kodowanie\3_right_chingycr1_iris_mask.npy,2048,1.0,0.02454369260617026,ok
chingycr2.bmp,3_right,C:\Studia\6 sem\biometria\projekt_2_koniec\rozpoznawanie-teczowki-biometria\results_mmu_small\kodowanie\3_right_chingycr2_iris_code.npy,C:\Studia\6 sem\biometria\projekt_2_koniec\rozpoznawanie-teczowki-biometria\results_mmu_small\kodowanie\3_right_chingycr2_iris_mask.npy,2048,1.0,0.02454369260617026,ok
chingycr3.bmp,3_right,C:\Studia\6 sem\biometria\projekt_2_koniec\rozpoznawanie-teczowki-biometria\results_mmu_small\kodowanie\3_right_chingycr3_iris_code.npy,C:\Studia\6 sem\biometria\projekt_2_koniec\rozpoznawanie-teczowki-biometria\results_mmu_small\kodowanie\3_right_chingycr3_iris_mask.npy,2048,1.0,0.02454369260617026,ok
chingycr4.bmp,3_right,C:\Studia\6 sem\biometria\projekt_2_koniec\rozpoznawanie-teczowki-biometria\results_mmu_small\kodowanie\3_right_chingycr4_iris_code.npy,C:\Studia\6 sem\biometria\projekt_2_koniec\rozpoznawanie-teczowki-biometria\results_mmu_small\kodowanie\3_right_chingycr4_iris_mask.npy,2048,1.0,0.02454369260617026,ok
chingycr5.bmp,3_right,C:\Studia\6 sem\biometria\projekt_2_koniec\rozpoznawanie-teczowki-biometria\results_mmu_small\kodowanie\3_right_chingycr5_iris_code.npy,C:\Studia\6 sem\biometria\projekt_2_koniec\rozpoznawanie-teczowki-biometria\results_mmu_small\kodowanie\3_right_chingycr5_iris_mask.npy,2048,1.0,0.02454369260617026,ok
chongpkl1.bmp,5_left,C:\Studia\6 sem\biometria\projekt_2_koniec\rozpoznawanie-teczowki-biometria\results_mmu_small\kodowanie\5_left_chongpkl1_iris_code.npy,C:\Studia\6 sem\biometria\projekt_2_koniec\rozpoznawanie-teczowki-biometria\results_mmu_small\kodowanie\5_left_chongpkl1_iris_mask.npy,2048,1.0,0.02454369260617026,ok
chongpkl2.bmp,5_left,C:\Studia\6 sem\biometria\projekt_2_koniec\rozpoznawanie-teczowki-biometria\results_mmu_small\kodowanie\5_left_chongpkl2_iris_code.npy,C:\Studia\6 sem\biometria\projekt_2_koniec\rozpoznawanie-teczowki-biometria\results_mmu_small\kodowanie\5_left_chongpkl2_iris_mask.npy,2048,1.0,0.02454369260617026,ok
chongpkl3.bmp,5_left,C:\Studia\6 sem\biometria\projekt_2_koniec\rozpoznawanie-teczowki-biometria\results_mmu_small\kodowanie\5_left_chongpkl3_iris_code.npy,C:\Studia\6 sem\biometria\projekt_2_koniec\rozpoznawanie-teczowki-biometria\results_mmu_small\kodowanie\5_left_chongpkl3_iris_mask.npy,2048,1.0,0.02454369260617026,ok
chongpkl4.bmp,5_left,C:\Studia\6 sem\biometria\projekt_2_koniec\rozpoznawanie-teczowki-biometria\results_mmu_small\kodowanie\5_left_chongpkl4_iris_code.npy,C:\Studia\6 sem\biometria\projekt_2_koniec\rozpoznawanie-teczowki-biometria\results_mmu_small\kodowanie\5_left_chongpkl4_iris_mask.npy,2048,1.0,0.02454369260617026,ok
chongpkl5.bmp,5_left,C:\Studia\6 sem\biometria\projekt_2_koniec\rozpoznawanie-teczowki-biometria\results_mmu_small\kodowanie\5_left_chongpkl5_iris_code.npy,C:\Studia\6 sem\biometria\projekt_2_koniec\rozpoznawanie-teczowki-biometria\results_mmu_small\kodowanie\5_left_chongpkl5_iris_mask.npy,2048,1.0,0.02454369260617026,ok
chongpkr1.bmp,5_right,C:\Studia\6 sem\biometria\projekt_2_koniec\rozpoznawanie-teczowki-biometria\results_mmu_small\kodowanie\5_right_chongpkr1_iris_code.npy,C:\Studia\6 sem\biometria\projekt_2_koniec\rozpoznawanie-teczowki-biometria\results_mmu_small\kodowanie\5_right_chongpkr1_iris_mask.npy,2048,1.0,0.02454369260617026,ok
chongpkr2.bmp,5_right,C:\Studia\6 sem\biometria\projekt_2_koniec\rozpoznawanie-teczowki-biometria\results_mmu_small\kodowanie\5_right_chongpkr2_iris_code.npy,C:\Studia\6 sem\biometria\projekt_2_koniec\rozpoznawanie-teczowki-biometria\results_mmu_small\kodowanie\5_right_chongpkr2_iris_mask.npy,2048,1.0,0.02454369260617026,ok
chongpkr3.bmp,5_right,C:\Studia\6 sem\biometria\projekt_2_koniec\rozpoznawanie-teczowki-biometria\results_mmu_small\kodowanie\5_right_chongpkr3_iris_code.npy,C:\Studia\6 sem\biometria\projekt_2_koniec\rozpoznawanie-teczowki-biometria\results_mmu_small\kodowanie\5_right_chongpkr3_iris_mask.npy,2048,1.0,0.02454369260617026,ok
chongpkr4.bmp,5_right,C:\Studia\6 sem\biometria\projekt_2_koniec\rozpoznawanie-teczowki-biometria\results_mmu_small\kodowanie\5_right_chongpkr4_iris_code.npy,C:\Studia\6 sem\biometria\projekt_2_koniec\rozpoznawanie-teczowki-biometria\results_mmu_small\kodowanie\5_right_chongpkr4_iris_mask.npy,2048,1.0,0.02454369260617026,ok
chongpkr5.bmp,5_right,C:\Studia\6 sem\biometria\projekt_2_koniec\rozpoznawanie-teczowki-biometria\results_mmu_small\kodowanie\5_right_chongpkr5_iris_code.npy,C:\Studia\6 sem\biometria\projekt_2_koniec\rozpoznawanie-teczowki-biometria\results_mmu_small\kodowanie\5_right_chongpkr5_iris_mask.npy,2048,1.0,0.02454369260617026,ok
christinel1.bmp,6_left,C:\Studia\6 sem\biometria\projekt_2_koniec\rozpoznawanie-teczowki-biometria\results_mmu_small\kodowanie\6_left_christinel1_iris_code.npy,C:\Studia\6 sem\biometria\projekt_2_koniec\rozpoznawanie-teczowki-biometria\results_mmu_small\kodowanie\6_left_christinel1_iris_mask.npy,2048,1.0,0.02454369260617026,ok
christinel2.bmp,6_left,C:\Studia\6 sem\biometria\projekt_2_koniec\rozpoznawanie-teczowki-biometria\results_mmu_small\kodowanie\6_left_christinel2_iris_code.npy,C:\Studia\6 sem\biometria\projekt_2_koniec\rozpoznawanie-teczowki-biometria\results_mmu_small\kodowanie\6_left_christinel2_iris_mask.npy,2048,1.0,0.02454369260617026,ok
christinel3.bmp,6_left,C:\Studia\6 sem\biometria\projekt_2_koniec\rozpoznawanie-teczowki-biometria\results_mmu_small\kodowanie\6_left_christinel3_iris_code.npy,C:\Studia\6 sem\biometria\projekt_2_koniec\rozpoznawanie-teczowki-biometria\results_mmu_small\kodowanie\6_left_christinel3_iris_mask.npy,2048,1.0,0.02454369260617026,ok
christinel4.bmp,6_left,C:\Studia\6 sem\biometria\projekt_2_koniec\rozpoznawanie-teczowki-biometria\results_mmu_small\kodowanie\6_left_christinel4_iris_code.npy,C:\Studia\6 sem\biometria\projekt_2_koniec\rozpoznawanie-teczowki-biometria\results_mmu_small\kodowanie\6_left_christinel4_iris_mask.npy,2048,1.0,0.02454369260617026,ok
christinel5.bmp,6_left,C:\Studia\6 sem\biometria\projekt_2_koniec\rozpoznawanie-teczowki-biometria\results_mmu_small\kodowanie\6_left_christinel5_iris_code.npy,C:\Studia\6 sem\biometria\projekt_2_koniec\rozpoznawanie-teczowki-biometria\results_mmu_small\kodowanie\6_left_christinel5_iris_mask.npy,2048,1.0,0.02454369260617026,ok
christiner1.bmp,6_right,C:\Studia\6 sem\biometria\projekt_2_koniec\rozpoznawanie-teczowki-biometria\results_mmu_small\kodowanie\6_right_christiner1_iris_code.npy,C:\Studia\6 sem\biometria\projekt_2_koniec\rozpoznawanie-teczowki-biometria\results_mmu_small\kodowanie\6_right_christiner1_iris_mask.npy,2048,1.0,0.02454369260617026,ok
christiner2.bmp,6_right,C:\Studia\6 sem\biometria\projekt_2_koniec\rozpoznawanie-teczowki-biometria\results_mmu_small\kodowanie\6_right_christiner2_iris_code.npy,C:\Studia\6 sem\biometria\projekt_2_koniec\rozpoznawanie-teczowki-biometria\results_mmu_small\kodowanie\6_right_christiner2_iris_mask.npy,2048,1.0,0.02454369260617026,ok
christiner3.bmp,6_right,C:\Studia\6 sem\biometria\projekt_2_koniec\rozpoznawanie-teczowki-biometria\results_mmu_small\kodowanie\6_right_christiner3_iris_code.npy,C:\Studia\6 sem\biometria\projekt_2_koniec\rozpoznawanie-teczowki-biometria\results_mmu_small\kodowanie\6_right_christiner3_iris_mask.npy,2048,1.0,0.02454369260617026,ok
christiner4.bmp,6_right,C:\Studia\6 sem\biometria\projekt_2_koniec\rozpoznawanie-teczowki-biometria\results_mmu_small\kodowanie\6_right_christiner4_iris_code.npy,C:\Studia\6 sem\biometria\projekt_2_koniec\rozpoznawanie-teczowki-biometria\results_mmu_small\kodowanie\6_right_christiner4_iris_mask.npy,2048,1.0,0.02454369260617026,ok
christiner5.bmp,6_right,C:\Studia\6 sem\biometria\projekt_2_koniec\rozpoznawanie-teczowki-biometria\results_mmu_small\kodowanie\6_right_christiner5_iris_code.npy,C:\Studia\6 sem\biometria\projekt_2_koniec\rozpoznawanie-teczowki-biometria\results_mmu_small\kodowanie\6_right_christiner5_iris_mask.npy,2048,1.0,0.02454369260617026,ok
chualsl1.bmp,7_left,C:\Studia\6 sem\biometria\projekt_2_koniec\rozpoznawanie-teczowki-biometria\results_mmu_small\kodowanie\7_left_chualsl1_iris_code.npy,C:\Studia\6 sem\biometria\projekt_2_koniec\rozpoznawanie-teczowki-biometria\results_mmu_small\kodowanie\7_left_chualsl1_iris_mask.npy,2048,1.0,0.02454369260617026,ok
chualsl2.bmp,7_left,C:\Studia\6 sem\biometria\projekt_2_koniec\rozpoznawanie-teczowki-biometria\results_mmu_small\kodowanie\7_left_chualsl2_iris_code.npy,C:\Studia\6 sem\biometria\projekt_2_koniec\rozpoznawanie-teczowki-biometria\results_mmu_small\kodowanie\7_left_chualsl2_iris_mask.npy,2048,1.0,0.02454369260617026,ok
chualsl3.bmp,7_left,C:\Studia\6 sem\biometria\projekt_2_koniec\rozpoznawanie-teczowki-biometria\results_mmu_small\kodowanie\7_left_chualsl3_iris_code.npy,C:\Studia\6 sem\biometria\projekt_2_koniec\rozpoznawanie-teczowki-biometria\results_mmu_small\kodowanie\7_left_chualsl3_iris_mask.npy,2048,1.0,0.02454369260617026,ok
chualsl4.bmp,7_left,C:\Studia\6 sem\biometria\projekt_2_koniec\rozpoznawanie-teczowki-biometria\results_mmu_small\kodowanie\7_left_chualsl4_iris_code.npy,C:\Studia\6 sem\biometria\projekt_2_koniec\rozpoznawanie-teczowki-biometria\results_mmu_small\kodowanie\7_left_chualsl4_iris_mask.npy,2048,1.0,0.02454369260617026,ok
chualsl5.bmp,7_left,C:\Studia\6 sem\biometria\projekt_2_koniec\rozpoznawanie-teczowki-biometria\results_mmu_small\kodowanie\7_left_chualsl5_iris_code.npy,C:\Studia\6 sem\biometria\projekt_2_koniec\rozpoznawanie-teczowki-biometria\results_mmu_small\kodowanie\7_left_chualsl5_iris_mask.npy,2048,1.0,0.02454369260617026,ok
chualsr1.bmp,7_right,C:\Studia\6 sem\biometria\projekt_2_koniec\rozpoznawanie-teczowki-biometria\results_mmu_small\kodowanie\7_right_chualsr1_iris_code.npy,C:\Studia\6 sem\biometria\projekt_2_koniec\rozpoznawanie-teczowki-biometria\results_mmu_small\kodowanie\7_right_chualsr1_iris_mask.npy,2048,1.0,0.02454369260617026,ok
chualsr2.bmp,7_right,C:\Studia\6 sem\biometria\projekt_2_koniec\rozpoznawanie-teczowki-biometria\results_mmu_small\kodowanie\7_right_chualsr2_iris_code.npy,C:\Studia\6 sem\biometria\projekt_2_koniec\rozpoznawanie-teczowki-biometria\results_mmu_small\kodowanie\7_right_chualsr2_iris_mask.npy,2048,1.0,0.02454369260617026,ok
chualsr3.bmp,7_right,C:\Studia\6 sem\biometria\projekt_2_koniec\rozpoznawanie-teczowki-biometria\results_mmu_small\kodowanie\7_right_chualsr3_iris_code.npy,C:\Studia\6 sem\biometria\projekt_2_koniec\rozpoznawanie-teczowki-biometria\results_mmu_small\kodowanie\7_right_chualsr3_iris_mask.npy,2048,1.0,0.02454369260617026,ok
chualsr4.bmp,7_right,C:\Studia\6 sem\biometria\projekt_2_koniec\rozpoznawanie-teczowki-biometria\results_mmu_small\kodowanie\7_right_chualsr4_iris_code.npy,C:\Studia\6 sem\biometria\projekt_2_koniec\rozpoznawanie-teczowki-biometria\results_mmu_small\kodowanie\7_right_chualsr4_iris_mask.npy,2048,1.0,0.02454369260617026,ok
chualsr5.bmp,7_right,C:\Studia\6 sem\biometria\projekt_2_koniec\rozpoznawanie-teczowki-biometria\results_mmu_small\kodowanie\7_right_chualsr5_iris_code.npy,C:\Studia\6 sem\biometria\projekt_2_koniec\rozpoznawanie-teczowki-biometria\results_mmu_small\kodowanie\7_right_chualsr5_iris_mask.npy,2048,1.0,0.02454369260617026,ok
eugenehol1.bmp,8_left,C:\Studia\6 sem\biometria\projekt_2_koniec\rozpoznawanie-teczowki-biometria\results_mmu_small\kodowanie\8_left_eugenehol1_iris_code.npy,C:\Studia\6 sem\biometria\projekt_2_koniec\rozpoznawanie-teczowki-biometria\results_mmu_small\kodowanie\8_left_eugenehol1_iris_mask.npy,2048,1.0,0.02454369260617026,ok
eugenehol2.bmp,8_left,C:\Studia\6 sem\biometria\projekt_2_koniec\rozpoznawanie-teczowki-biometria\results_mmu_small\kodowanie\8_left_eugenehol2_iris_code.npy,C:\Studia\6 sem\biometria\projekt_2_koniec\rozpoznawanie-teczowki-biometria\results_mmu_small\kodowanie\8_left_eugenehol2_iris_mask.npy,2048,1.0,0.02454369260617026,ok
eugenehol3.bmp,8_left,C:\Studia\6 sem\biometria\projekt_2_koniec\rozpoznawanie-teczowki-biometria\results_mmu_small\kodowanie\8_left_eugenehol3_iris_code.npy,C:\Studia\6 sem\biometria\projekt_2_koniec\rozpoznawanie-teczowki-biometria\results_mmu_small\kodowanie\8_left_eugenehol3_iris_mask.npy,2048,1.0,0.02454369260617026,ok
eugenehol4.bmp,8_left,C:\Studia\6 sem\biometria\projekt_2_koniec\rozpoznawanie-teczowki-biometria\results_mmu_small\kodowanie\8_left_eugenehol4_iris_code.npy,C:\Studia\6 sem\biometria\projekt_2_koniec\rozpoznawanie-teczowki-biometria\results_mmu_small\kodowanie\8_left_eugenehol4_iris_mask.npy,2048,1.0,0.02454369260617026,ok
eugenehol5.bmp,8_left,C:\Studia\6 sem\biometria\projekt_2_koniec\rozpoznawanie-teczowki-biometria\results_mmu_small\kodowanie\8_left_eugenehol5_iris_code.npy,C:\Studia\6 sem\biometria\projekt_2_koniec\rozpoznawanie-teczowki-biometria\results_mmu_small\kodowanie\8_left_eugenehol5_iris_mask.npy,2048,1.0,0.02454369260617026,ok
eugenehor1.bmp,8_right,C:\Studia\6 sem\biometria\projekt_2_koniec\rozpoznawanie-teczowki-biometria\results_mmu_small\kodowanie\8_right_eugenehor1_iris_code.npy,C:\Studia\6 sem\biometria\projekt_2_koniec\rozpoznawanie-teczowki-biometria\results_mmu_small\kodowanie\8_right_eugenehor1_iris_mask.npy,2048,1.0,0.02454369260617026,ok
eugenehor2.bmp,8_right,C:\Studia\6 sem\biometria\projekt_2_koniec\rozpoznawanie-teczowki-biometria\results_mmu_small\kodowanie\8_right_eugenehor2_iris_code.npy,C:\Studia\6 sem\biometria\projekt_2_koniec\rozpoznawanie-teczowki-biometria\results_mmu_small\kodowanie\8_right_eugenehor2_iris_mask.npy,2048,1.0,0.02454369260617026,ok
eugenehor3.bmp,8_right,C:\Studia\6 sem\biometria\projekt_2_koniec\rozpoznawanie-teczowki-biometria\results_mmu_small\kodowanie\8_right_eugenehor3_iris_code.npy,C:\Studia\6 sem\biometria\projekt_2_koniec\rozpoznawanie-teczowki-biometria\results_mmu_small\kodowanie\8_right_eugenehor3_iris_mask.npy,2048,1.0,0.02454369260617026,ok
eugenehor4.bmp,8_right,C:\Studia\6 sem\biometria\projekt_2_koniec\rozpoznawanie-teczowki-biometria\results_mmu_small\kodowanie\8_right_eugenehor4_iris_code.npy,C:\Studia\6 sem\biometria\projekt_2_koniec\rozpoznawanie-teczowki-biometria\results_mmu_small\kodowanie\8_right_eugenehor4_iris_mask.npy,2048,1.0,0.02454369260617026,ok
eugenehor5.bmp,8_right,C:\Studia\6 sem\biometria\projekt_2_koniec\rozpoznawanie-teczowki-biometria\results_mmu_small\kodowanie\8_right_eugenehor5_iris_code.npy,C:\Studia\6 sem\biometria\projekt_2_koniec\rozpoznawanie-teczowki-biometria\results_mmu_small\kodowanie\8_right_eugenehor5_iris_mask.npy,2048,1.0,0.02454369260617026,ok
fatmal1.bmp,9_left,C:\Studia\6 sem\biometria\projekt_2_koniec\rozpoznawanie-teczowki-biometria\results_mmu_small\kodowanie\9_left_fatmal1_iris_code.npy,C:\Studia\6 sem\biometria\projekt_2_koniec\rozpoznawanie-teczowki-biometria\results_mmu_small\kodowanie\9_left_fatmal1_iris_mask.npy,2048,1.0,0.02454369260617026,ok
fatmal2.bmp,9_left,C:\Studia\6 sem\biometria\projekt_2_koniec\rozpoznawanie-teczowki-biometria\results_mmu_small\kodowanie\9_left_fatmal2_iris_code.npy,C:\Studia\6 sem\biometria\projekt_2_koniec\rozpoznawanie-teczowki-biometria\results_mmu_small\kodowanie\9_left_fatmal2_iris_mask.npy,2048,1.0,0.02454369260617026,ok
fatmal3.bmp,9_left,C:\Studia\6 sem\biometria\projekt_2_koniec\rozpoznawanie-teczowki-biometria\results_mmu_small\kodowanie\9_left_fatmal3_iris_code.npy,C:\Studia\6 sem\biometria\projekt_2_koniec\rozpoznawanie-teczowki-biometria\results_mmu_small\kodowanie\9_left_fatmal3_iris_mask.npy,2048,1.0,0.02454369260617026,ok
fatmal4.bmp,9_left,C:\Studia\6 sem\biometria\projekt_2_koniec\rozpoznawanie-teczowki-biometria\results_mmu_small\kodowanie\9_left_fatmal4_iris_code.npy,C:\Studia\6 sem\biometria\projekt_2_koniec\rozpoznawanie-teczowki-biometria\results_mmu_small\kodowanie\9_left_fatmal4_iris_mask.npy,2048,1.0,0.02454369260617026,ok
fatmal5.bmp,9_left,C:\Studia\6 sem\biometria\projekt_2_koniec\rozpoznawanie-teczowki-biometria\results_mmu_small\kodowanie\9_left_fatmal5_iris_code.npy,C:\Studia\6 sem\biometria\projekt_2_koniec\rozpoznawanie-teczowki-biometria\results_mmu_small\kodowanie\9_left_fatmal5_iris_mask.npy,2048,1.0,0.02454369260617026,ok
fatmar1.bmp,9_right,C:\Studia\6 sem\biometria\projekt_2_koniec\rozpoznawanie-teczowki-biometria\results_mmu_small\kodowanie\9_right_fatmar1_iris_code.npy,C:\Studia\6 sem\biometria\projekt_2_koniec\rozpoznawanie-teczowki-biometria\results_mmu_small\kodowanie\9_right_fatmar1_iris_mask.npy,2048,1.0,0.02454369260617026,ok
fatmar2.bmp,9_right,C:\Studia\6 sem\biometria\projekt_2_koniec\rozpoznawanie-teczowki-biometria\results_mmu_small\kodowanie\9_right_fatmar2_iris_code.npy,C:\Studia\6 sem\biometria\projekt_2_koniec\rozpoznawanie-teczowki-biometria\results_mmu_small\kodowanie\9_right_fatmar2_iris_mask.npy,2048,1.0,0.02454369260617026,ok
fatmar3.bmp,9_right,C:\Studia\6 sem\biometria\projekt_2_koniec\rozpoznawanie-teczowki-biometria\results_mmu_small\kodowanie\9_right_fatmar3_iris_code.npy,C:\Studia\6 sem\biometria\projekt_2_koniec\rozpoznawanie-teczowki-biometria\results_mmu_small\kodowanie\9_right_fatmar3_iris_mask.npy,2048,1.0,0.02454369260617026,ok
fatmar4.bmp,9_right,C:\Studia\6 sem\biometria\projekt_2_koniec\rozpoznawanie-teczowki-biometria\results_mmu_small\kodowanie\9_right_fatmar4_iris_code.npy,C:\Studia\6 sem\biometria\projekt_2_koniec\rozpoznawanie-teczowki-biometria\results_mmu_small\kodowanie\9_right_fatmar4_iris_mask.npy,2048,1.0,0.02454369260617026,ok
fatmar5.bmp,9_right,C:\Studia\6 sem\biometria\projekt_2_koniec\rozpoznawanie-teczowki-biometria\results_mmu_small\kodowanie\9_right_fatmar5_iris_code.npy,C:\Studia\6 sem\biometria\projekt_2_koniec\rozpoznawanie-teczowki-biometria\results_mmu_small\kodowanie\9_right_fatmar5_iris_mask.npy,2048,1.0,0.02454369260617026,ok
