image,normalized_png,normalized_npy,height,width,radial_bands,angular_samples,status
aeval1.bmp,C:\Studia\6 sem\biometria\projekt_2_koniec\rozpoznawanie-teczowki-biometria\results_mmu_small\normalizacja\1_left_aeval1_normalized.png,C:\Studia\6 sem\biometria\projekt_2_koniec\rozpoznawanie-teczowki-biometria\results_mmu_small\normalizacja\1_left_aeval1_normalized.npy,128,128,8,128,ok
aeval2.bmp,C:\Studia\6 sem\biometria\projekt_2_koniec\rozpoznawanie-teczowki-biometria\results_mmu_small\normalizacja\1_left_aeval2_normalized.png,C:\Studia\6 sem\biometria\projekt_2_koniec\rozpoznawanie-teczowki-biometria\results_mmu_small\normalizacja\1_left_aeval2_normalized.npy,128,128,8,128,ok
aeval3.bmp,C:\Studia\6 sem\biometria\projekt_2_koniec\rozpoznawanie-teczowki-biometria\results_mmu_small\normalizacja\1_left_aeval3_normalized.png,C:\Studia\6 sem\biometria\projekt_2_koniec\rozpoznawanie-teczowki-biometria\results_mmu_small\normalizacja\1_left_aeval3_normalized.npy,128,128,8,128,ok
aeval4.bmp,C:\Studia\6 sem\biometria\projekt_2_koniec\rozpoznawanie-teczowki-biometria\results_mmu_small\normalizacja\1_left_aeval4_normalized.png,C:\Studia\6 sem\biometria\projekt_2_koniec\rozpoznawanie-teczowki-biometria\results_mmu_small\normalizacja\1_left_aeval4_normalized.npy,128,128,8,128,ok
aeval5.bmp,C:\Studia\6 sem\biometria\projekt_2_koniec\rozpoznawanie-teczowki-biometria\results_mmu_small\normalizacja\1_left_aeval5_normalized.png,C:\Studia\6 sem\biometria\projekt_2_koniec\rozpoznawanie-teczowki-biometria\results_mmu_small\normalizacja\1_left_aeval5_normalized.npy,128,128,8,128,ok
aevar1.bmp,C:\Studia\6 sem\biometria\projekt_2_koniec\rozpoznawanie-teczowki-biometria\results_mmu_small\normalizacja\1_right_aevar1_normalized.png,C:\Studia\6 sem\biometria\projekt_2_koniec\rozpoznawanie-teczowki-biometria\results_mmu_small\normalizacja\1_right_aevar1_normalized.npy,128,128,8,128,ok
aevar2.bmp,C:\Studia\6 sem\biometria\projekt_2_koniec\rozpoznawanie-teczowki-biometria\results_mmu_small\normalizacja\1_right_aevar2_normalized.png,C:\Studia\6 sem\biometria\projekt_2_koniec\rozpoznawanie-teczowki-biometria\results_mmu_small\normalizacja\1_right_aevar2_normalized.npy,128,128,8,128,ok
aevar3.bmp,C:\Studia\6 sem\biometria\projekt_2_koniec\rozpoznawanie-teczowki-biometria\results_mmu_small\normalizacja\1_right_aevar3_normalized.png,C:\Studia\6 sem\biometria\projekt_2_koniec\rozpoznawanie-teczowki-biometria\results_mmu_small\normalizacja\1_right_aevar3_normalized.npy,128,128,8,128,ok
aevar4.bmp,C:\Studia\6 sem\biometria\projekt_2_koniec\rozpoznawanie-teczowki-biometria\results_mmu_small\normalizacja\1_right_aevar4_normalized.png,C:\Studia\6 sem\biometria\projekt_2_koniec\rozpoznawanie-teczowki-biometria\results_mmu_small\normalizacja\1_right_aevar4_normalized.npy,128,128,8,128,ok
aevar5.bmp,C:\Studia\6 sem\biometria\projekt_2_koniec\rozpoznawanie-teczowki-biometria\results_mmu_small\normalizacja\1_right_aevar5_normalized.png,C:\Studia\6 sem\biometria\projekt_2_koniec\rozpoznawanie-teczowki-biometria\results_mmu_small\normalizacja\1_right_aevar5_normalized.npy,128,128,8,128,ok
fional1.bmp,C:\Studia\6 sem\biometria\projekt_2_koniec\rozpoznawanie-teczowki-biometria\results_mmu_small\normalizacja\10_left_fional1_normalized.png,C:\Studia\6 sem\biometria\projekt_2_koniec\rozpoznawanie-teczowki-biometria\results_mmu_small\normalizacja\10_left_fional1_normalized.npy,128,128,8,128,ok
fional2.bmp,C:\Studia\6 sem\biometria\projekt_2_koniec\rozpoznawanie-teczowki-biometria\results_mmu_small\normalizacja\10_left_fional2_normalized.png,C:\Studia\6 sem\biometria\projekt_2_koniec\rozpoznawanie-teczowki-biometria\results_mmu_small\normalizacja\10_left_fional2_normalized.npy,128,128,8,128,ok
fional3.bmp,C:\Studia\6 sem\biometria\projekt_2_koniec\rozpoznawanie-teczowki-biometria\results_mmu_small\normalizacja\10_left_fional3_normalized.png,C:\Studia\6 sem\biometria\projekt_2_koniec\rozpoznawanie-teczowki-biometria\results_mmu_small\normalizacja\10_left_fional3_normalized.npy,128,128,8,128,ok
fional4.bmp,C:\Studia\6 sem\biometria\projekt_2_koniec\rozpoznawanie-teczowki-biometria\results_mmu_small\normalizacja\10_left_fional4_normalized.png,C:\Studia\6 sem\biometria\projekt_2_koniec\rozpoznawanie-teczowki-biometria\results_mmu_small\normalizacja\10_left_fional4_normalized.npy,128,128,8,128,ok
fional5.bmp,C:\Studia\6 sem\biometria\projekt_2_koniec\rozpoznawanie-teczowki-biometria\results_mmu_small\normalizacja\10_left_fional5_normalized.png,C:\Studia\6 sem\biometria\projekt_2_koniec\rozpoznawanie-teczowki-biometria\results_mmu_small\normalizacja\10_left_fional5_normalized.npy,128,128,8,128,ok
fionar1.bmp,C:\Studia\6 sem\biometria\projekt_2_koniec\rozpoznawanie-teczowki-biometria\results_mmu_small\normalizacja\10_right_fionar1_normalized.png,C:\Studia\6 sem\biometria\projekt_2_koniec\rozpoznawanie-teczowki-biometria\results_mmu_small\normalizacja\10_right_fionar1_normalized.npy,128,128,8,128,ok
fionar2.bmp,C:\Studia\6 sem\biometria\projekt_2_koniec\rozpoznawanie-teczowki-biometria\results_mmu_small\normalizacja\10_right_fionar2_normalized.png,C:\Studia\6 sem\biometria\projekt_2_koniec\rozpoznawanie-teczowki-biometria\results_mmu_small\normalizacja\10_right_fionar2_normalized.npy,128,128,8,128,ok
fionar3.bmp,C:\Studia\6 sem\biometria\projekt_2_koniec\rozpoznawanie-teczowki-biometria\results_mmu_small\normalizacja\10_right_fionar3_normalized.png,C:\Studia\6 sem\biometria\projekt_2_koniec\rozpoznawanie-teczowki-biometria\results_mmu_small\normalizacja\10_right_fionar3_normalized.npy,128,128,8,128,ok
fionar4.bmp,C:\Studia\6 sem\biometria\projekt_2_koniec\rozpoznawanie-teczowki-biometria\results_mmu_small\normalizacja\10_right_fionar4_normalized.png,C:\Studia\6 sem\biometria\projekt_2_koniec\rozpoznawanie-teczowki-biometria\results_mmu_small\normalizacja\10_right_fionar4_normalized.npy,128,128,8,128,ok
fionar5.bmp,C:\Studia\6 sem\biometria\projekt_2_koniec\rozpoznawanie-teczowki-biometria\results_mmu_small\normalizacja\10_right_fionar5_normalized.png,C:\Studia\6 sem\biometria\projekt_2_koniec\rozpoznawanie-teczowki-biometria\results_mmu_small\normalizacja\10_right_fionar5_normalized.npy,128,128,8,128,ok
hockl1.bmp,C:\Studia\6 sem\biometria\projekt_2_koniec\rozpoznawanie-teczowki-biometria\results_mmu_small\normalizacja\11_left_hockl1_normalized.png,C:\Studia\6 sem\biometria\projekt_2_koniec\rozpoznawanie-teczowki-biometria\results_mmu_small\normalizacja\11_left_hockl1_normalized.npy,128,128,8,128,ok
hockl2.bmp,C:\Studia\6 sem\biometria\projekt_2_koniec\rozpoznawanie-teczowki-biometria\results_mmu_small\normalizacja\11_left_hockl2_normalized.png,C:\Studia\6 sem\biometria\projekt_2_koniec\rozpoznawanie-teczowki-biometria\results_mmu_small\normalizacja\11_left_hockl2_normalized.npy,128,128,8,128,ok
hockl3.bmp,C:\Studia\6 sem\biometria\projekt_2_koniec\rozpoznawanie-teczowki-biometria\results_mmu_small\normalizacja\11_left_hockl3_normalized.png,C:\Studia\6 sem\biometria\projekt_2_koniec\rozpoznawanie-teczowki-biometria\results_mmu_small\normalizacja\11_left_hockl3_normalized.npy,128,128,8,128,ok
hockl4.bmp,C:\Studia\6 sem\biometria\projekt_2_koniec\rozpoznawanie-teczowki-biometria\results_mmu_small\normalizacja\11_left_hockl4_normalized.png,C:\Studia\6 sem\biometria\projekt_2_koniec\rozpoznawanie-teczowki-biometria\results_mmu_small\normalizacja\11_left_hockl4_normalized.npy,128,128,8,128,ok
hockl5.bmp,C:\Studia\6 sem\biometria\projekt_2_koniec\rozpoznawanie-teczowki-biometria\results_mmu_small\normalizacja\11_left_hockl5_normalized.png,C:\Studia\6 sem\biometria\projekt_2_koniec\rozpoznawanie-teczowki-biometria\results_mmu_small\normalizacja\11_left_hockl5_normalized.npy,128,128,8,128,ok
hockr1.bmp,C:\Studia\6 sem\biometria\projekt_2_koniec\rozpoznawanie-teczowki-biometria\results_mmu_small\normalizacja\11_right_hockr1_normalized.png,C:\Studia\6 sem\biometria\projekt_2_koniec\rozpoznawanie-teczowki-biometria\results_mmu_small\normalizacja\11_right_hockr1_normalized.npy,128,128,8,128,ok
hockr2.bmp,C:\Studia\6 sem\biometria\projekt_2_koniec\rozpoznawanie-teczowki-biometria\results_mmu_small\normalizacja\11_right_hockr2_normalized.png,C:\Studia\6 sem\biometria\projekt_2_koniec\rozpoznawanie-teczowki-biometria\results_mmu_small\normalizacja\11_right_hockr2_normalized.npy,128,128,8,128,ok
hockr3.bmp,C:\Studia\6 sem\biometria\projekt_2_koniec\rozpoznawanie-teczowki-biometria\results_mmu_small\normalizacja\11_right_hockr3_normalized.png,C:\Studia\6 sem\biometria\projekt_2_koniec\rozpoznawanie-teczowki-biometria\results_mmu_small\normalizacja\11_right_hockr3_normalized.npy,128,128,8,128,ok
hockr4.bmp,C:\Studia\6 sem\biometria\projekt_2_koniec\rozpoznawanie-teczowki-biometria\results_mmu_small\normalizacja\11_right_hockr4_normalized.png,C:\Studia\6 sem\biometria\projekt_2_koniec\rozpoznawanie-teczowki-biometria\results_mmu_small\normalizacja\11_right_hockr4_normalized.npy,128,128,8,128,ok
hockr5.bmp,C:\Studia\6 sem\biometria\projekt_2_koniec\rozpoznawanie-teczowki-biometria\results_mmu_small\normalizacja\11_right_hockr5_normalized.png,C:\Studia\6 sem\biometria\projekt_2_koniec\rozpoznawanie-teczowki-biometria\results_mmu_small\normalizacja\11_right_hockr5_normalized.npy,128,128,8,128,ok
kelvinl1.bmp,C:\Studia\6 sem\biometria\projekt_2_koniec\rozpoznawanie-teczowki-biometria\results_mmu_small\normalizacja\12_left_kelvinl1_normalized.png,C:\Studia\6 sem\biometria\projekt_2_koniec\rozpoznawanie-teczowki-biometria\results_mmu_small\normalizacja\12_left_kelvinl1_normalized.npy,128,128,8,128,ok
kelvinl2.bmp,C:\Studia\6 sem\biometria\projekt_2_koniec\rozpoznawanie-teczowki-biometria\results_mmu_small\normalizacja\12_left_kelvinl2_normalized.png,C:\Studia\6 sem\biometria\projekt_2_koniec\rozpoznawanie-teczowki-biometria\results_mmu_small\normalizacja\12_left_kelvinl2_normalized.npy,128,128,8,128,ok
kelvinl3.bmp,C:\Studia\6 sem\biometria\projekt_2_koniec\rozpoznawanie-teczowki-biometria\results_mmu_small\normalizacja\12_left_kelvinl3_normalized.png,C:\Studia\6 sem\biometria\projekt_2_koniec\rozpoznawanie-teczowki-biometria\results_mmu_small\normalizacja\12_left_kelvinl3_normalized.npy,128,128,8,128,ok
kelvinl4.bmp,C:\Studia\6 sem\biometria\projekt_2_koniec\rozpoznawanie-teczowki-biometria\results_mmu_small\normalizacja\12_left_kelvinl4_normalized.png,C:\Studia\6 sem\biometria\projekt_2_koniec\rozpoznawanie-teczowki-biometria\results_mmu_small\normalizacja\12_left_kelvinl4_normalized.npy,128,128,8,128,ok
kelvinl5.bmp,C:\Studia\6 sem\biometria\projekt_2_koniec\rozpoznawanie-teczowki-biometria\results_mmu_small\normalizacja\12_left_kelvinl5_normalized.png,C:\Studia\6 sem\biometria\projekt_2_koniec\rozpoznawanie-teczowki-biometria\results_mmu_small\normalizacja\12_left_kelvinl5_normalized.npy,128,128,8,128,ok
kelvinr1.bmp,C:\Studia\6 sem\biometria\projekt_2_koniec\rozpoznawanie-teczowki-biometria\results_mmu_small\normalizacja\12_right_kelvinr1_normalized.png,C:\Studia\6 sem\biometria\projekt_2_koniec\rozpoznawanie-teczowki-biometria\results_mmu_small\normalizacja\12_right_kelvinr1_normalized.npy,128,128,8,128,ok
kelvinr2.bmp,C:\Studia\6 sem\biometria\projekt_2_koniec\rozpoznawanie-teczowki-biometria\results_mmu_small\normalizacja\12_right_kelvinr2_normalized.png,C:\Studia\6 sem\biometria\projekt_2_koniec\rozpoznawanie-teczowki-biometria\results_mmu_small\normalizacja\12_right_kelvinr2_normalized.npy,128,128,8,128,ok
kelvinr3.bmp,C:\Studia\6 sem\biometria\projekt_2_koniec\rozpoznawanie-teczowki-biometria\results_mmu_small\normalizacja\12_right_kelvinr3_normalized.png,C:\Studia\6 sem\biometria\projekt_2_koniec\rozpoznawanie-teczowki-biometria\results_mmu_small\normalizacja\12_right_kelvinr3_normalized.npy,128,128,8,128,ok
kelvinr4.bmp,C:\Studia\6 sem\biometria\projekt_2_koniec\rozpoznawanie-teczowki-biometria\results_mmu_small\normalizacja\12_right_kelvinr4_normalized.png,C:\Studia\6 sem\biometria\projekt_2_koniec\rozpoznawanie-teczowki-biometria\results_mmu_small\normalizacja\12_right_kelvinr4_normalized.npy,128,128,8,128,ok
kelvinr5.bmp,C:\Studia\6 sem\biometria\projekt_2_koniec\rozpoznawanie-teczowki-biometria\results_mmu_small\normalizacja\12_right_kelvinr5_normalized.png,C:\Studia\6 sem\biometria\projekt_2_koniec\rozpoznawanie-teczowki-biometria\results_mmu_small\normalizacja\12_right_kelvinr5_normalized.npy,128,128,8,128,ok
lec_1.bmp,C:\Studia\6 sem\biometria\projekt_2_koniec\rozpoznawanie-teczowki-biometria\results_mmu_small\normalizacja\13_left_lec_1_normalized.png,C:\Studia\6 sem\biometria\projekt_2_koniec\rozpoznawanie-teczowki-biometria\results_mmu_small\normalizacja\13_left_lec_1_normalized.npy,128,128,8,128,ok
lecl2.bmp,C:\Studia\6 sem\biometria\projekt_2_koniec\rozpoznawanie-teczowki-biometria\results_mmu_small\normalizacja\13_left_lecl2_normalized.png,C:\Studia\6 sem\biometria\projekt_2_koniec\rozpoznawanie-teczowki-biometria\results_mmu_small\normalizacja\13_left_lecl2_normalized.npy,128,128,8,128,ok
lecl3.bmp,C:\Studia\6 sem\biometria\projekt_2_koniec\rozpoznawanie-teczowki-biometria\results_mmu_small\normalizacja\13_left_lecl3_normalized.png,C:\Studia\6 sem\biometria\projekt_2_koniec\rozpoznawanie-teczowki-biometria\results_mmu_small\normalizacja\13_left_lecl3_normalized.npy,128,128,8,128,ok
lecl4.bmp,C:\Studia\6 sem\biometria\projekt_2_koniec\rozpoznawanie-teczowki-biometria\results_mmu_small\normalizacja\13_left_lecl4_normalized.png,C:\Studia\6 sem\biometria\projekt_2_koniec\rozpoznawanie-teczowki-biometria\results_mmu_small\normalizacja\13_left_lecl4_normalized.npy,128,128,8,128,ok
lecl5.bmp,C:\Studia\6 sem\biometria\projekt_2_koniec\rozpoznawanie-teczowki-biometria\results_mmu_small\normalizacja\13_left_lecl5_normalized.png,C:\Studia\6 sem\biometria\projekt_2_koniec\rozpoznawanie-teczowki-biometria\results_mmu_small\normalizacja\13_left_lecl5_normalized.npy,128,128,8,128,ok
lecr1.bmp,C:\Studia\6 sem\biometria\projekt_2_koniec\rozpoznawanie-teczowki-biometria\results_mmu_small\normalizacja\13_right_lecr1_normalized.png,C:\Studia\6 sem\biometria\projekt_2_koniec\rozpoznawanie-teczowki-biometria\results_mmu_small\normalizacja\13_right_lecr1_normalized.npy,128,128,8,128,ok
lecr2.bmp,C:\Studia\6 sem\biometria\projekt_2_koniec\rozpoznawanie-teczowki-biometria\results_mmu_small\normalizacja\13_right_lecr2_normalized.png,C:\Studia\6 sem\biometria\projekt_2_koniec\rozpoznawanie-teczowki-biometria\results_mmu_small\normalizacja\13_right_lecr2_normalized.npy,128,128,8,128,ok
lecr3.bmp,C:\Studia\6 sem\biometria\projekt_2_koniec\rozpoznawanie-teczowki-biometria\results_mmu_small\normalizacja\13_right_lecr3_normalized.png,C:\Studia\6 sem\biometria\projekt_2_koniec\rozpoznawanie-teczowki-biometria\results_mmu_small\normalizacja\13_right_lecr3_normalized.npy,128,128,8,128,ok
lecr4.bmp,C:\Studia\6 sem\biometria\projekt_2_koniec\rozpoznawanie-teczowki-biometria\results_mmu_small\normalizacja\13_right_lecr4_normalized.png,C:\Studia\6 sem\biometria\projekt_2_koniec\rozpoznawanie-teczowki-biometria\results_mmu_small\normalizacja\13_right_lecr4_normalized.npy,128,128,8,128,ok
lecr5.bmp,C:\Studia\6 sem\biometria\projekt_2_koniec\rozpoznawanie-teczowki-biometria\results_mmu_small\normalizacja\13_right_lecr5_normalized.png,C:\Studia\6 sem\biometria\projekt_2_koniec\rozpoznawanie-teczowki-biometria\results_mmu_small\normalizacja\13_right_lecr5_normalized.npy,128,128,8,128,ok
liujwl1.bmp,C:\Studia\6 sem\biometria\projekt_2_koniec\rozpoznawanie-teczowki-biometria\results_mmu_small\normalizacja\14_left_liujwl1_normalized.png,C:\Studia\6 sem\biometria\projekt_2_koniec\rozpoznawanie-teczowki-biometria\results_mmu_small\normalizacja\14_left_liujwl1_normalized.npy,128,128,8,128,ok
liujwl2.bmp,C:\Studia\6 sem\biometria\projekt_2_koniec\rozpoznawanie-teczowki-biometria\results_mmu_small\normalizacja\14_left_liujwl2_normalized.png,C:\Studia\6 sem\biometria\projekt_2_koniec\rozpoznawanie-teczowki-biometria\results_mmu_small\normalizacja\14_left_liujwl2_normalized.npy,128,128,8,128,ok
liujwl3.bmp,C:\Studia\6 sem\biometria\projekt_2_koniec\rozpoznawanie-teczowki-biometria\results_mmu_small\normalizacja\14_left_liujwl3_normalized.png,C:\Studia\6 sem\biometria\projekt_2_koniec\rozpoznawanie-teczowki-biometria\results_mmu_small\normalizacja\14_left_liujwl3_normalized.npy,128,128,8,128,ok
liujwl4.bmp,C:\Studia\6 sem\biometria\projekt_2_koniec\rozpoznawanie-teczowki-biometria\results_mmu_small\normalizacja\14_left_liujwl4_normalized.png,C:\Studia\6 sem\biometria\projekt_2_koniec\rozpoznawanie-teczowki-biometria\results_mmu_small\normalizacja\14_left_liujwl4_normalized.npy,128,128,8,128,ok
liujwl5.bmp,C:\Studia\6 sem\biometria\projekt_2_koniec\rozpoznawanie-teczowki-biometria\results_mmu_small\normalizacja\14_left_liujwl5_normalized.png,C:\Studia\6 sem\biometria\projekt_2_koniec\rozpoznawanie-teczowki-biometria\results_mmu_small\normalizacja\14_left_liujwl5_normalized.npy,128,128,8,128,ok
liujwr1.bmp,C:\Studia\6 sem\biometria\projekt_2_koniec\rozpoznawanie-teczowki-biometria\results_mmu_small\normalizacja\14_right_liujwr1_normalized.png,C:\Studia\6 sem\biometria\projekt_2_koniec\rozpoznawanie-teczowki-biometria\results_mmu_small\normalizacja\14_right_liujwr1_normalized.npy,128,128,8,128,ok
liujwr2.bmp,C:\Studia\6 sem\biometria\projekt_2_koniec\rozpoznawanie-teczowki-biometria\results_mmu_small\normalizacja\14_right_liujwr2_normalized.png,C:\Studia\6 sem\biometria\projekt_2_koniec\rozpoznawanie-teczowki-biometria\results_mmu_small\normalizacja\14_right_liujwr2_normalized.npy,128,128,8,128,ok
liujwr3.bmp,C:\Studia\6 sem\biometria\projekt_2_koniec\rozpoznawanie-teczowki-biometria\results_mmu_small\normalizacja\14_right_liujwr3_normalized.png,C:\Studia\6 sem\biometria\projekt_2_koniec\rozpoznawanie-teczowki-biometria\results_mmu_small\normalizacja\14_right_liujwr3_normalized.npy,128,128,8,128,ok
liujwr4.bmp,C:\Studia\6 sem\biometria\projekt_2_koniec\rozpoznawanie-teczowki-biometria\results_mmu_small\normalizacja\14_right_liujwr4_normalized.png,C:\Studia\6 sem\biometria\projekt_2_koniec\rozpoznawanie-teczowki-biometria\results_mmu_small\normalizacja\14_right_liujwr4_normalized.npy,128,128,8,128,ok
liujwr5.bmp,C:\Studia\6 sem\biometria\projekt_2_koniec\rozpoznawanie-teczowki-biometria\results_mmu_small\normalizacja\14_right_liujwr5_normalized.png,C:\Studia\6 sem\biometria\projekt_2_koniec\rozpoznawanie-teczowki-biometria\results_mmu_small\normalizacja\14_right_liujwr5_normalized.npy,128,128,8,128,ok
lokel1.bmp,C:\Studia\6 sem\biometria\projekt_2_koniec\rozpoznawanie-teczowki-biometria\results_mmu_small\normalizacja\15_left_lokel1_normalized.png,C:\Studia\6 sem\biometria\projekt_2_koniec\rozpoznawanie-teczowki-biometria\results_mmu_small\normalizacja\15_left_lokel1_normalized.npy,128,128,8,128,ok
lokel2.bmp,C:\Studia\6 sem\biometria\projekt_2_koniec\rozpoznawanie-teczowki-biometria\results_mmu_small\normalizacja\15_left_lokel2_normalized.png,C:\Studia\6 sem\biometria\projekt_2_koniec\rozpoznawanie-teczowki-biometria\results_mmu_small\normalizacja\15_left_lokel2_normalized.npy,128,128,8,128,ok
lokel3.bmp,C:\Studia\6 sem\biometria\projekt_2_koniec\rozpoznawanie-teczowki-biometria\results_mmu_small\normalizacja\15_left_lokel3_normalized.png,C:\Studia\6 sem\biometria\projekt_2_koniec\rozpoznawanie-teczowki-biometria\results_mmu_small\normalizacja\15_left_lokel3_normalized.npy,128,128,8,128,ok
lokel4.bmp,C:\Studia\6 sem\biometria\projekt_2_koniec\rozpoznawanie-teczowki-biometria\results_mmu_small\normalizacja\15_left_lokel4_normalized.png,C:\Studia\6 sem\biometria\projekt_2_koniec\rozpoznawanie-teczowki-biometria\results_mmu_small\normalizacja\15_left_lokel4_normalized.npy,128,128,8,128,ok
lokel5.bmp,C:\Studia\6 sem\biometria\projekt_2_koniec\rozpoznawanie-teczowki-biometria\results_mmu_small\normalizacja\15_left_lokel5_normalized.png,C:\Studia\6 sem\biometria\projekt_2_koniec\rozpoznawanie-teczowki-biometria\results_mmu_small\normalizacja\15_left_lokel5_normalized.npy,128,128,8,128,ok
loker1.bmp,C:\Studia\6 sem\biometria\projekt_2_koniec\rozpoznawanie-teczowki-biometria\results_mmu_small\normalizacja\15_right_loker1_normalized.png,C:\Studia\6 sem\biometria\projekt_2_koniec\rozpoznawanie-teczowki-biometria\results_mmu_small\normalizacja\15_right_loker1_normalized.npy,128,128,8,128,ok
loker2.bmp,C:\Studia\6 sem\biometria\projekt_2_koniec\rozpoznawanie-teczowki-biometria\results_mmu_small\normalizacja\15_right_loker2_normalized.png,C:\Studia\6 sem\biometria\projekt_2_koniec\rozpoznawanie-teczowki-biometria\results_mmu_small\normalizacja\15_right_loker2_normalized.npy,128,128,8,128,ok
loker3.bmp,C:\Studia\6 sem\biometria\projekt_2_koniec\rozpoznawanie-teczowki-biometria\results_mmu_small\normalizacja\15_right_loker3_normalized.png,C:\Studia\6 sem\biometria\projekt_2_koniec\rozpoznawanie-teczowki-biometria\results_mmu_small\normalizacja\15_right_loker3_normalized.npy,128,128,8,128,ok
loker4.bmp,C:\Studia\6 sem\biometria\projekt_2_koniec\rozpoznawanie-teczowki-biometria\results_mmu_small\normalizacja\15_right_loker4_normalized.png,C:\Studia\6 sem\biometria\projekt_2_koniec\rozpoznawanie-teczowki-biometria\results_mmu_small\normalizacja\15_right_loker4_normalized.npy,128,128,8,128,ok
loker5.bmp,C:\Studia\6 sem\biometria\projekt_2_koniec\rozpoznawanie-teczowki-biometria\results_mmu_small\normalizacja\15_right_loker5_normalized.png,C:\Studia\6 sem\biometria\projekt_2_koniec\rozpoznawanie-teczowki-biometria\results_mmu_small\normalizacja\15_right_loker5_normalized.npy,128,128,8,128,ok
lowyfl1.bmp,C:\Studia\6 sem\biometria\projekt_2_koniec\rozpoznawanie-teczowki-biometria\results_mmu_small\normalizacja\16_left_lowyfl1_normalized.png,C:\Studia\6 sem\biometria\projekt_2_koniec\rozpoznawanie-teczowki-biometria\results_mmu_small\normalizacja\16_left_lowyfl1_normalized.npy,128,128,8,128,ok
lowyfl2.bmp,C:\Studia\6 sem\biometria\projekt_2_koniec\rozpoznawanie-teczowki-biometria\results_mmu_small\normalizacja\16_left_lowyfl2_normalized.png,C:\Studia\6 sem\biometria\projekt_2_koniec\rozpoznawanie-teczowki-biometria\results_mmu_small\normalizacja\16_left_lowyfl2_normalized.npy,128,128,8,128,ok
lowyfl3.bmp,C:\Studia\6 sem\biometria\projekt_2_koniec\rozpoznawanie-teczowki-biometria\results_mmu_small\normalizacja\16_left_lowyfl3_normalized.png,C:\Studia\6 sem\biometria\projekt_2_koniec\rozpoznawanie-teczowki-biometria\results_mmu_small\normalizacja\16_left_lowyfl3_normalized.npy,128,128,8,128,ok
lowyfl4.bmp,C:\Studia\6 sem\biometria\projekt_2_koniec\rozpoznawanie-teczowki-biometria\results_mmu_small\normalizacja\16_left_lowyfl4_normalized.png,C:\Studia\6 sem\biometria\projekt_2_koniec\rozpoznawanie-teczowki-biometria\results_mmu_small\normalizacja\16_left_lowyfl4_normalized.npy,128,128,8,128,ok
lowyfl5.bmp,C:\Studia\6 sem\biometria\projekt_2_koniec\rozpoznawanie-teczowki-biometria\results_mmu_small\normalizacja\16_left_lowyfl5_normalized.png,C:\Studia\6 sem\biometria\projekt_2_koniec\rozpoznawanie-teczowki-biometria\results_mmu_small\normalizacja\16_left_lowyfl5_normalized.npy,128,128,8,128,ok
lowyfr1.bmp,C:\Studia\6 sem\biometria\projekt_2_koniec\rozpoznawanie-teczowki-biometria\results_mmu_small\normalizacja\16_right_lowyfr1_normalized.png,C:\Studia\6 sem\biometria\projekt_2_koniec\rozpoznawanie-teczowki-biometria\results_mmu_small\normalizacja\16_right_lowyfr1_normalized.npy,128,128,8,128,ok
lowyfr2.bmp,C:\Studia\6 sem\biometria\projekt_2_koniec\rozpoznawanie-teczowki-biometria\results_mmu_small\normalizacja\16_right_lowyfr2_normalized.png,C:\Studia\6 sem\biometria\projekt_2_koniec\rozpoznawanie-teczowki-biometria\results_mmu_small\normalizacja\16_right_lowyfr2_normalized.npy,128,128,8,128,ok
lowyfr3.bmp,C:\Studia\6 sem\biometria\projekt_2_koniec\rozpoznawanie-teczowki-biometria\results_mmu_small\normalizacja\16_right_lowyfr3_normalized.png,C:\Studia\6 sem\biometria\projekt_2_koniec\rozpoznawanie-teczowki-biometria\results_mmu_small\normalizacja\16_right_lowyfr3_normalized.npy,128,128,8,128,ok
lowyfr4.bmp,C:\Studia\6 sem\biometria\projekt_2_koniec\rozpoznawanie-teczowki-biometria\results_mmu_small\normalizacja\16_right_lowyfr4_normalized.png,C:\Studia\6 sem\biometria\projekt_2_koniec\rozpoznawanie-teczowki-biometria\results_mmu_small\normalizacja\16_right_lowyfr4_normalized.npy,128,128,8,128,ok
lowyfr5.bmp,C:\Studia\6 sem\biometria\projekt_2_koniec\rozpoznawanie-teczowki-biometria\results_mmu_small\normalizacja\16_right_lowyfr5_normalized.png,C:\Studia\6 sem\biometria\projekt_2_koniec\rozpoznawanie-teczowki-biometria\results_mmu_small\normalizacja\16_right_lowyfr5_normalized.npy,128,128,8,128,ok
lpjl1.bmp,C:\Studia\6 sem\biometria\projekt_2_koniec\rozpoznawanie-teczowki-biometria\results_mmu_small\normalizacja\17_left_lpjl1_normalized.png,C:\Studia\6 sem\biometria\projekt_2_koniec\rozpoznawanie-teczowki-biometria\results_mmu_small\normalizacja\17_left_lpjl1_normalized.npy,128,128,8,128,ok
lpjl2.bmp,C:\Studia\6 sem\biometria\projekt_2_koniec\rozpoznawanie-teczowki-biometria\results_mmu_small\normalizacja\17_left_lpjl2_normalized.png,C:\Studia\6 sem\biometria\projekt_2_koniec\rozpoznawanie-teczowki-biometria\results_mmu_small\normalizacja\17_left_lpjl2_normalized.npy,128,128,8,128,ok
lpjl3.bmp,C:\Studia\6 sem\biometria\projekt_2_koniec\rozpoznawanie-teczowki-biometria\results_mmu_small\normalizacja\17_left_lpjl3_normalized.png,C:\Studia\6 sem\biometria\projekt_2_koniec\rozpoznawanie-teczowki-biometria\results_mmu_small\normalizacja\17_left_lpjl3_normalized.npy,128,128,8,128,ok
lpjl4.bmp,C:\Studia\6 sem\biometria\projekt_2_koniec\rozpoznawanie-teczowki-biometria\results_mmu_small\normalizacja\17_left_lpjl4_normalized.png,C:\Studia\6 sem\biometria\projekt_2_koniec\rozpoznawanie-teczowki-biometria\results_mmu_small\normalizacja\17_left_lpjl4_normalized.npy,128,128,8,128,ok
lpjl5.bmp,C:\Studia\6 sem\biometria\projekt_2_koniec\rozpoznawanie-teczowki-biometria\results_mmu_small\normalizacja\17_left_lpjl5_normalized.png,C:\Studia\6 sem\biometria\projekt_2_koniec\rozpoznawanie-teczowki-biometria\results_mmu_small\normalizacja\17_left_lpjl5_normalized.npy,128,128,8,128,ok
lpjr1.bmp,C:\Studia\6 sem\biometria\projekt_2_koniec\rozpoznawanie-teczowki-biometria\results_mmu_small\normalizacja\17_right_lpjr1_normalized.png,C:\Studia\6 sem\biometria\projekt_2_koniec\rozpoznawanie-teczowki-biometria\results_mmu_small\normalizacja\17_right_lpjr1_normalized.npy,128,128,8,128,ok
lpjr2.bmp,C:\Studia\6 sem\biometria\projekt_2_koniec\rozpoznawanie-teczowki-biometria\results_mmu_small\normalizacja\17_right_lpjr2_normalized.png,C:\Studia\6 sem\biometria\projekt_2_koniec\rozpoznawanie-teczowki-biometria\results_mmu_small\normalizacja\17_right_lpjr2_normalized.npy,128,128,8,128,ok
lpjr3.bmp,C:\Studia\6 sem\biometria\projekt_2_koniec\rozpoznawanie-teczowki-biometria\results_mmu_small\normalizacja\17_right_lpjr3_normalized.png,C:\Studia\6 sem\biometria\projekt_2_koniec\rozpoznawanie-teczowki-biometria\results_mmu_small\normalizacja\17_right_lpjr3_normalized.npy,128,128,8,128,ok
lpjr4.bmp,C:\Studia\6 sem\biometria\projekt_2_koniec\rozpoznawanie-teczowki-biometria\results_mmu_small\normalizacja\17_right_lpjr4_normalized.png,C:\Studia\6 sem\biometria\projekt_2_koniec\rozpoznawanie-teczowki-biometria\results_mmu_small\normalizacja\17_right_lpjr4_normalized.npy,128,128,8,128,ok
lpjr5.bmp,C:\Studia\6 sem\biometria\projekt_2_koniec\rozpoznawanie-teczowki-biometria\results_mmu_small\normalizacja\17_right_lpjr5_normalized.png,C:\Studia\6 sem\biometria\projekt_2_koniec\rozpoznawanie-teczowki-biometria\results_mmu_small\normalizacja\17_right_lpjr5_normalized.npy,128,128,8,128,ok
mahskl1.bmp,C:\Studia\6 sem\biometria\projekt_2_koniec\rozpoznawanie-teczowki-biometria\results_mmu_small\normalizacja\18_left_mahskl1_normalized.png,C:\Studia\6 sem\biometria\projekt_2_koniec\rozpoznawanie-teczowki-biometria\results_mmu_small\normalizacja\18_left_mahskl1_normalized.npy,128,128,8,128,ok
mahskl2.bmp,C:\Studia\6 sem\biometria\projekt_2_koniec\rozpoznawanie-teczowki-biometria\results_mmu_small\normalizacja\18_left_mahskl2_normalized.png,C:\Studia\6 sem\biometria\projekt_2_koniec\rozpoznawanie-teczowki-biometria\results_mmu_small\normalizacja\18_left_mahskl2_normalized.npy,128,128,8,128,ok
mahskl3.bmp,C:\Studia\6 sem\biometria\projekt_2_koniec\rozpoznawanie-teczowki-biometria\results_mmu_small\normalizacja\18_left_mahskl3_normalized.png,C:\Studia\6 sem\biometria\projekt_2_koniec\rozpoznawanie-teczowki-biometria\results_mmu_small\normalizacja\18_left_mahskl3_normalized.npy,128,128,8,128,ok
mahskl4.bmp,C:\Studia\6 sem\biometria\projekt_2_koniec\rozpoznawanie-teczowki-biometria\results_mmu_small\normalizacja\18_left_mahskl4_normalized.png,C:\Studia\6 sem\biometria\projekt_2_koniec\rozpoznawanie-teczowki-biometria\results_mmu_small\normalizacja\18_left_mahskl4_normalized.npy,128,128,8,128,ok
mahskl5.bmp,C:\Studia\6 sem\biometria\projekt_2_koniec\rozpoznawanie-teczowki-biometria\results_mmu_small\normalizacja\18_left_mahskl5_normalized.png,C:\Studia\6 sem\biometria\projekt_2_koniec\rozpoznawanie-teczowki-biometria\results_mmu_small\normalizacja\18_left_mahskl5_normalized.npy,128,128,8,128,ok
mahskr1.bmp,C:\Studia\6 sem\biometria\projekt_2_koniec\rozpoznawanie-teczowki-biometria\results_mmu_small\normalizacja\18_right_mahskr1_normalized.png,C:\Studia\6 sem\biometria\projekt_2_koniec\rozpoznawanie-teczowki-biometria\results_mmu_small\normalizacja\18_right_mahskr1_normalized.npy,128,128,8,128,ok
mahskr2.bmp,C:\Studia\6 sem\biometria\projekt_2_koniec\rozpoznawanie-teczowki-biometria\results_mmu_small\normalizacja\18_right_mahskr2_normalized.png,C:\Studia\6 sem\biometria\projekt_2_koniec\rozpoznawanie-teczowki-biometria\results_mmu_small\normalizacja\18_right_mahskr2_normalized.npy,128,128,8,128,ok
mahskr3.bmp,C:\Studia\6 sem\biometria\projekt_2_koniec\rozpoznawanie-teczowki-biometria\results_mmu_small\normalizacja\18_right_mahskr3_normalized.png,C:\Studia\6 sem\biometria\projekt_2_koniec\rozpoznawanie-teczowki-biometria\results_mmu_small\normalizacja\18_right_mahskr3_normalized.npy,128,128,8,128,ok
mahskr4.bmp,C:\Studia\6 sem\biometria\projekt_2_koniec\rozpoznawanie-teczowki-biometria\results_mmu_small\normalizacja\18_right_mahskr4_normalized.png,C:\Studia\6 sem\biometria\projekt_2_koniec\rozpoznawanie-teczowki-biometria\results_mmu_small\normalizacja\18_right_mahskr4_normalized.npy,128,128,8,128,ok
mahskr5.bmp,C:\Studia\6 sem\biometria\projekt_2_koniec\rozpoznawanie-teczowki-biometria\results_mmu_small\normalizacja\18_right_mahskr5_normalized.png,C:\Studia\6 sem\biometria\projekt_2_koniec\rozpoznawanie-teczowki-biometria\results_mmu_small\normalizacja\18_right_mahskr5_normalized.npy,128,128,8,128,ok
maranl1.bmp,C:\Studia\6 sem\biometria\projekt_2_koniec\rozpoznawanie-teczowki-biometria\results_mmu_small\normalizacja\19_left_maranl1_normalized.png,C:\Studia\6 sem\biometria\projekt_2_koniec\rozpoznawanie-teczowki-biometria\results_mmu_small\normalizacja\19_left_maranl1_normalized.npy,128,128,8,128,ok
maranl2.bmp,C:\Studia\6 sem\biometria\projekt_2_koniec\rozpoznawanie-teczowki-biometria\results_mmu_small\normalizacja\19_left_maranl2_normalized.png,C:\Studia\6 sem\biometria\projekt_2_koniec\rozpoznawanie-teczowki-biometria\results_mmu_small\normalizacja\19_left_maranl2_normalized.npy,128,128,8,128,ok
maranl3.bmp,C:\Studia\6 sem\biometria\projekt_2_koniec\rozpoznawanie-teczowki-biometria\results_mmu_small\normalizacja\19_left_maranl3_normalized.png,C:\Studia\6 sem\biometria\projekt_2_koniec\rozpoznawanie-teczowki-biometria\results_mmu_small\normalizacja\19_left_maranl3_normalized.npy,128,128,8,128,ok
maranl4.bmp,C:\Studia\6 sem\biometria\projekt_2_koniec\rozpoznawanie-teczowki-biometria\results_mmu_small\normalizacja\19_left_maranl4_normalized.png,C:\Studia\6 sem\biometria\projekt_2_koniec\rozpoznawanie-teczowki-biometria\results_mmu_small\normalizacja\19_left_maranl4_normalized.npy,128,128,8,128,ok
maranl5.bmp,C:\Studia\6 sem\biometria\projekt_2_koniec\rozpoznawanie-teczowki-biometria\results_mmu_small\normalizacja\19_left_maranl5_normalized.png,C:\Studia\6 sem\biometria\projekt_2_koniec\rozpoznawanie-teczowki-biometria\results_mmu_small\normalizacja\19_left_maranl5_normalized.npy,128,128,8,128,ok
maranr1.bmp,C:\Studia\6 sem\biometria\projekt_2_koniec\rozpoznawanie-teczowki-biometria\results_mmu_small\normalizacja\19_right_maranr1_normalized.png,C:\Studia\6 sem\biometria\projekt_2_koniec\rozpoznawanie-teczowki-biometria\results_mmu_small\normalizacja\19_right_maranr1_normalized.npy,128,128,8,128,ok
maranr2.bmp,C:\Studia\6 sem\biometria\projekt_2_koniec\rozpoznawanie-teczowki-biometria\results_mmu_small\normalizacja\19_right_maranr2_normalized.png,C:\Studia\6 sem\biometria\projekt_2_koniec\rozpoznawanie-teczowki-biometria\results_mmu_small\normalizacja\19_right_maranr2_normalized.npy,128,128,8,128,ok
maranr3.bmp,C:\Studia\6 sem\biometria\projekt_2_koniec\rozpoznawanie-teczowki-biometria\results_mmu_small\normalizacja\19_right_maranr3_normalized.png,C:\Studia\6 sem\biometria\projekt_2_koniec\rozpoznawanie-teczowki-biometria\results_mmu_small\normalizacja\19_right_maranr3_normalized.npy,128,128,8,128,ok
maranr4.bmp,C:\Studia\6 sem\biometria\projekt_2_koniec\rozpoznawanie-teczowki-biometria\results_mmu_small\normalizacja\19_right_maranr4_normalized.png,C:\Studia\6 sem\biometria\projekt_2_koniec\rozpoznawanie-teczowki-biometria\results_mmu_small\normalizacja\19_right_maranr4_normalized.npy,128,128,8,128,ok
maranr5.bmp,C:\Studia\6 sem\biometria\projekt_2_koniec\rozpoznawanie-teczowki-biometria\results_mmu_small\normalizacja\19_right_maranr5_normalized.png,C:\Studia\6 sem\biometria\projekt_2_koniec\rozpoznawanie-teczowki-biometria\results_mmu_small\normalizacja\19_right_maranr5_normalized.npy,128,128,8,128,ok
bryanl1.bmp,C:\Studia\6 sem\biometria\projekt_2_koniec\rozpoznawanie-teczowki-biometria\results_mmu_small\normalizacja\2_left_bryanl1_normalized.png,C:\Studia\6 sem\biometria\projekt_2_koniec\rozpoznawanie-teczowki-biometria\results_mmu_small\normalizacja\2_left_bryanl1_normalized.npy,128,128,8,128,ok
bryanl2.bmp,C:\Studia\6 sem\biometria\projekt_2_koniec\rozpoznawanie-teczowki-biometria\results_mmu_small\normalizacja\2_left_bryanl2_normalized.png,C:\Studia\6 sem\biometria\projekt_2_koniec\rozpoznawanie-teczowki-biometria\results_mmu_small\normalizacja\2_left_bryanl2_normalized.npy,128,128,8,128,ok
bryanl3.bmp,C:\Studia\6 sem\biometria\projekt_2_koniec\rozpoznawanie-teczowki-biometria\results_mmu_small\normalizacja\2_left_bryanl3_normalized.png,C:\Studia\6 sem\biometria\projekt_2_koniec\rozpoznawanie-teczowki-biometria\results_mmu_small\normalizacja\2_left_bryanl3_normalized.npy,128,128,8,128,ok
bryanl4.bmp,C:\Studia\6 sem\biometria\projekt_2_koniec\rozpoznawanie-teczowki-biometria\results_mmu_small\normalizacja\2_left_bryanl4_normalized.png,C:\Studia\6 sem\biometria\projekt_2_koniec\rozpoznawanie-teczowki-biometria\results_mmu_small\normalizacja\2_left_bryanl4_normalized.npy,128,128,8,128,ok
bryanl5.bmp,C:\Studia\6 sem\biometria\projekt_2_koniec\rozpoznawanie-teczowki-biometria\results_mmu_small\normalizacja\2_left_bryanl5_normalized.png,C:\Studia\6 sem\biometria\projekt_2_koniec\rozpoznawanie-teczowki-biometria\results_mmu_small\normalizacja\2_left_bryanl5_normalized.npy,128,128,8,128,ok
bryanr1.bmp,C:\Studia\6 sem\biometria\projekt_2_koniec\rozpoznawanie-teczowki-biometria\results_mmu_small\normalizacja\2_right_bryanr1_normalized.png,C:\Studia\6 sem\biometria\projekt_2_koniec\rozpoznawanie-teczowki-biometria\results_mmu_small\normalizacja\2_right_bryanr1_normalized.npy,128,128,8,128,ok
bryanr2.bmp,C:\Studia\6 sem\biometria\projekt_2_koniec\rozpoznawanie-teczowki-biometria\results_mmu_small\normalizacja\2_right_bryanr2_normalized.png,C:\Studia\6 sem\biometria\projekt_2_koniec\rozpoznawanie-teczowki-biometria\results_mmu_small\normalizacja\2_right_bryanr2_normalized.npy,128,128,8,128,ok
bryanr3.bmp,C:\Studia\6 sem\biometria\projekt_2_koniec\rozpoznawanie-teczowki-biometria\results_mmu_small\normalizacja\2_right_bryanr3_normalized.png,C:\Studia\6 sem\biometria\projekt_2_koniec\rozpoznawanie-teczowki-biometria\results_mmu_small\normalizacja\2_right_bryanr3_normalized.npy,128,128,8,128,ok
bryanr4.bmp,C:\Studia\6 sem\biometria\projekt_2_koniec\rozpoznawanie-teczowki-biometria\results_mmu_small\normalizacja\2_right_bryanr4_normalized.png,C:\Studia\6 sem\biometria\projekt_2_koniec\rozpoznawanie-teczowki-biometria\results_mmu_small\normalizacja\2_right_bryanr4_normalized.npy,128,128,8,128,ok
bryanr5.bmp,C:\Studia\6 sem\biometria\projekt_2_koniec\rozpoznawanie-teczowki-biometria\results_mmu_small\normalizacja\2_right_bryanr5_normalized.png,C:\Studia\6 sem\biometria\projekt_2_koniec\rozpoznawanie-teczowki-biometria\results_mmu_small\normalizacja\2_right_bryanr5_normalized.npy,128,128,8,128,ok
masl1.bmp,C:\Studia\6 sem\biometria\projekt_2_koniec\rozpoznawanie-teczowki-biometria\results_mmu_small\normalizacja\20_left_masl1_normalized.png,C:\Studia\6 sem\biometria\projekt_2_koniec\rozpoznawanie-teczowki-biometria\results_mmu_small\normalizacja\20_left_masl1_normalized.npy,128,128,8,128,ok
masl2.bmp,C:\Studia\6 sem\biometria\projekt_2_koniec\rozpoznawanie-teczowki-biometria\results_mmu_small\normalizacja\20_left_masl2_normalized.png,C:\Studia\6 sem\biometria\projekt_2_koniec\rozpoznawanie-teczowki-biometria\results_mmu_small\normalizacja\20_left_masl2_normalized.npy,128,128,8,128,ok
masl3.bmp,C:\Studia\6 sem\biometria\projekt_2_koniec\rozpoznawanie-teczowki-biometria\results_mmu_small\normalizacja\20_left_masl3_normalized.png,C:\Studia\6 sem\biometria\projekt_2_koniec\rozpoznawanie-teczowki-biometria\results_mmu_small\normalizacja\20_left_masl3_normalized.npy,128,128,8,128,ok
masl4.bmp,C:\Studia\6 sem\biometria\projekt_2_koniec\rozpoznawanie-teczowki-biometria\results_mmu_small\normalizacja\20_left_masl4_normalized.png,C:\Studia\6 sem\biometria\projekt_2_koniec\rozpoznawanie-teczowki-biometria\results_mmu_small\normalizacja\20_left_masl4_normalized.npy,128,128,8,128,ok
masl5.bmp,C:\Studia\6 sem\biometria\projekt_2_koniec\rozpoznawanie-teczowki-biometria\results_mmu_small\normalizacja\20_left_masl5_normalized.png,C:\Studia\6 sem\biometria\projekt_2_koniec\rozpoznawanie-teczowki-biometria\results_mmu_small\normalizacja\20_left_masl5_normalized.npy,128,128,8,128,ok
masr1.bmp,C:\Studia\6 sem\biometria\projekt_2_koniec\rozpoznawanie-teczowki-biometria\results_mmu_small\normalizacja\20_right_masr1_normalized.png,C:\Studia\6 sem\biometria\projekt_2_koniec\rozpoznawanie-teczowki-biometria\results_mmu_small\normalizacja\20_right_masr1_normalized.npy,128,128,8,128,ok
masr2.bmp,C:\Studia\6 sem\biometria\projekt_2_koniec\rozpoznawanie-teczowki-biometria\results_mmu_small\normalizacja\20_right_masr2_normalized.png,C:\Studia\6 sem\biometria\projekt_2_koniec\rozpoznawanie-teczowki-biometria\results_mmu_small\normalizacja\20_right_masr2_normalized.npy,128,128,8,128,ok
masr3.bmp,C:\Studia\6 sem\biometria\projekt_2_koniec\rozpoznawanie-teczowki-biometria\results_mmu_small\normalizacja\20_right_masr3_normalized.png,C:\Studia\6 sem\biometria\projekt_2_koniec\rozpoznawanie-teczowki-biometria\results_mmu_small\normalizacja\20_right_masr3_normalized.npy,128,128,8,128,ok
masr4.bmp,C:\Studia\6 sem\biometria\projekt_2_koniec\rozpoznawanie-teczowki-biometria\results_mmu_small\normalizacja\20_right_masr4_normalized.png,C:\Studia\6 sem\biometria\projekt_2_koniec\rozpoznawanie-teczowki-biometria\results_mmu_small\normalizacja\20_right_masr4_normalized.npy,128,128,8,128,ok
masr5.bmp,C:\Studia\6 sem\biometria\projekt_2_koniec\rozpoznawanie-teczowki-biometria\results_mmu_small\normalizacja\20_right_masr5_normalized.png,C:\Studia\6 sem\biometria\projekt_2_koniec\rozpoznawanie-teczowki-biometria\results_mmu_small\normalizacja\20_right_masr5_normalized.npy,128,128,8,128,ok
mazwanl1.bmp,C:\Studia\6 sem\biometria\projekt_2_koniec\rozpoznawanie-teczowki-biometria\results_mmu_small\normalizacja\21_left_mazwanl1_normalized.png,C:\Studia\6 sem\biometria\projekt_2_koniec\rozpoznawanie-teczowki-biometria\results_mmu_small\normalizacja\21_left_mazwanl1_normalized.npy,128,128,8,128,ok
mazwanl2.bmp,C:\Studia\6 sem\biometria\projekt_2_koniec\rozpoznawanie-teczowki-biometria\results_mmu_small\normalizacja\21_left_mazwanl2_normalized.png,C:\Studia\6 sem\biometria\projekt_2_koniec\rozpoznawanie-teczowki-biometria\results_mmu_small\normalizacja\21_left_mazwanl2_normalized.npy,128,128,8,128,ok
mazwanl3.bmp,C:\Studia\6 sem\biometria\projekt_2_koniec\rozpoznawanie-teczowki-biometria\results_mmu_small\normalizacja\21_left_mazwanl3_normalized.png,C:\Studia\6 sem\biometria\projekt_2_koniec\rozpoznawanie-teczowki-biometria\results_mmu_small\normalizacja\21_left_mazwanl3_normalized.npy,128,128,8,128,ok
mazwanl4.bmp,C:\Studia\6 sem\biometria\projekt_2_koniec\rozpoznawanie-teczowki-biometria\results_mmu_small\normalizacja\21_left_mazwanl4_normalized.png,C:\Studia\6 sem\biometria\projekt_2_koniec\rozpoznawanie-teczowki-biometria\results_mmu_small\normalizacja\21_left_mazwanl4_normalized.npy,128,128,8,128,ok
mazwanl5.bmp,C:\Studia\6 sem\biometria\projekt_2_koniec\rozpoznawanie-teczowki-biometria\results_mmu_small\normalizacja\21_left_mazwanl5_normalized.png,C:\Studia\6 sem\biometria\projekt_2_koniec\rozpoznawanie-teczowki-biometria\results_mmu_small\normalizacja\21_left_mazwanl5_normalized.npy,128,128,8,128,ok
mazwanr1.bmp,C:\Studia\6 sem\biometria\projekt_2_koniec\rozpoznawanie-teczowki-biometria\results_mmu_small\normalizacja\21_right_mazwanr1_normalized.png,C:\Studia\6 sem\biometria\projekt_2_koniec\rozpoznawanie-teczowki-biometria\results_mmu_small\normalizacja\21_right_mazwanr1_normalized.npy,128,128,8,128,ok
mazwanr2.bmp,C:\Studia\6 sem\biometria\projekt_2_koniec\rozpoznawanie-teczowki-biometria\results_mmu_small\normalizacja\21_right_mazwanr2_normalized.png,C:\Studia\6 sem\biometria\projekt_2_koniec\rozpoznawanie-teczowki-biometria\results_mmu_small\normalizacja\21_right_mazwanr2_normalized.npy,128,128,8,128,ok
mazwanr3.bmp,C:\Studia\6 sem\biometria\projekt_2_koniec\rozpoznawanie-teczowki-biometria\results_mmu_small\normalizacja\21_right_mazwanr3_normalized.png,C:\Studia\6 sem\biometria\projekt_2_koniec\rozpoznawanie-teczowki-biometria\results_mmu_small\normalizacja\21_right_mazwanr3_normalized.npy,128,128,8,128,ok
mazwanr4.bmp,C:\Studia\6 sem\biometria\projekt_2_koniec\rozpoznawanie-teczowki-biometria\results_mmu_small\normalizacja\21_right_mazwanr4_normalized.png,C:\Studia\6 sem\biometria\projekt_2_koniec\rozpoznawanie-teczowki-biometria\results_mmu_small\normalizacja\21_right_mazwanr4_normalized.npy,128,128,8,128,ok
mazwanr5.bmp,C:\Studia\6 sem\biometria\projekt_2_koniec\rozpoznawanie-teczowki-biometria\results_mmu_small\normalizacja\21_right_mazwanr5_normalized.png,C:\Studia\6 sem\biometria\projekt_2_koniec\rozpoznawanie-teczowki-biometria\results_mmu_small\normalizacja\21_right_mazwanr5_normalized.npy,128,128,8,128,ok
chingycl1.bmp,C:\Studia\6 sem\biometria\projekt_2_koniec\rozpoznawanie-teczowki-biometria\results_mmu_small\normalizacja\3_left_chingycl1_normalized.png,C:\Studia\6 sem\biometria\projekt_2_koniec\rozpoznawanie-teczowki-biometria\results_mmu_small\normalizacja\3_left_chingycl1_normalized.npy,128,128,8,128,ok
chingycl2.bmp,C:\Studia\6 sem\biometria\projekt_2_koniec\rozpoznawanie-teczowki-biometria\results_mmu_small\normalizacja\3_left_chingycl2_normalized.png,C:\Studia\6 sem\biometria\projekt_2_koniec\rozpoznawanie-teczowki-biometria\results_mmu_small\normalizacja\3_left_chingycl2_normalized.npy,128,128,8,128,ok
chingycl3.bmp,C:\Studia\6 sem\biometria\projekt_2_koniec\rozpoznawanie-teczowki-biometria\results_mmu_small\normalizacja\3_left_chingycl3_normalized.png,C:\Studia\6 sem\biometria\projekt_2_koniec\rozpoznawanie-teczowki-biometria\results_mmu_small\normalizacja\3_left_chingycl3_normalized.npy,128,128,8,128,ok
chingycl4.bmp,C:\Studia\6 sem\biometria\projekt_2_koniec\rozpoznawanie-teczowki-biometria\results_mmu_small\normalizacja\3_left_chingycl4_normalized.png,C:\Studia\6 sem\biometria\projekt_2_koniec\rozpoznawanie-teczowki-biometria\results_mmu_small\normalizacja\3_left_chingycl4_normalized.npy,128,128,8,128,ok
chingycl5.bmp,C:\Studia\6 sem\biometria\projekt_2_koniec\rozpoznawanie-teczowki-biometria\results_mmu_small\normalizacja\3_left_chingycl5_normalized.png,C:\Studia\6 sem\biometria\projekt_2_koniec\rozpoznawanie-teczowki-biometria\results_mmu_small\normalizacja\3_left_chingycl5_normalized.npy,128,128,8,128,ok
chingycr1.bmp,C:\Studia\6 sem\biometria\projekt_2_koniec\rozpoznawanie-teczowki-biometria\results_mmu_small\normalizacja\3_right_chingycr1_normalized.png,C:\Studia\6 sem\biometria\projekt_2_koniec\rozpoznawanie-teczowki-biometria\results_mmu_small\normalizacja\3_right_chingycr1_normalized.npy,128,128,8,128,ok
chingycr2.bmp,C:\Studia\6 sem\biometria\projekt_2_koniec\rozpoznawanie-teczowki-biometria\results_mmu_small\normalizacja\3_right_chingycr2_normalized.png,C:\Studia\6 sem\biometria\projekt_2_koniec\rozpoznawanie-teczowki-biometria\results_mmu_small\normalizacja\3_right_chingycr2_normalized.npy,128,128,8,128,ok
chingycr3.bmp,C:\Studia\6 sem\biometria\projekt_2_koniec\rozpoznawanie-teczowki-biometria\results_mmu_small\normalizacja\3_right_chingycr3_normalized.png,C:\Studia\6 sem\biometria\projekt_2_koniec\rozpoznawanie-teczowki-biometria\results_mmu_small\normalizacja\3_right_chingycr3_normalized.npy,128,128,8,128,ok
chingycr4.bmp,C:\Studia\6 sem\biometria\projekt_2_koniec\rozpoznawanie-teczowki-biometria\results_mmu_small\normalizacja\3_right_chingycr4_normalized.png,C:\Studia\6 sem\biometria\projekt_2_koniec\rozpoznawanie-teczowki-biometria\results_mmu_small\normalizacja\3_right_chingycr4_normalized.npy,128,128,8,128,ok
chingycr5.bmp,C:\Studia\6 sem\biometria\projekt_2_koniec\rozpoznawanie-teczowki-biometria\results_mmu_small\normalizacja\3_right_chingycr5_normalized.png,C:\Studia\6 sem\biometria\projekt_2_koniec\rozpoznawanie-teczowki-biometria\results_mmu_small\normalizacja\3_right_chingycr5_normalized.npy,128,128,8,128,ok
chongpkl1.bmp,C:\Studia\6 sem\biometria\projekt_2_koniec\rozpoznawanie-teczowki-biometria\results_mmu_small\normalizacja\5_left_chongpkl1_normalized.png,C:\Studia\6 sem\biometria\projekt_2_koniec\rozpoznawanie-teczowki-biometria\results_mmu_small\normalizacja\5_left_chongpkl1_normalized.npy,128,128,8,128,ok
chongpkl2.bmp,C:\Studia\6 sem\biometria\projekt_2_koniec\rozpoznawanie-teczowki-biometria\results_mmu_small\normalizacja\5_left_chongpkl2_normalized.png,C:\Studia\6 sem\biometria\projekt_2_koniec\rozpoznawanie-teczowki-biometria\results_mmu_small\normalizacja\5_left_chongpkl2_normalized.npy,128,128,8,128,ok
chongpkl3.bmp,C:\Studia\6 sem\biometria\projekt_2_koniec\rozpoznawanie-teczowki-biometria\results_mmu_small\normalizacja\5_left_chongpkl3_normalized.png,C:\Studia\6 sem\biometria\projekt_2_koniec\rozpoznawanie-teczowki-biometria\results_mmu_small\normalizacja\5_left_chongpkl3_normalized.npy,128,128,8,128,ok
chongpkl4.bmp,C:\Studia\6 sem\biometria\projekt_2_koniec\rozpoznawanie-teczowki-biometria\results_mmu_small\normalizacja\5_left_chongpkl4_normalized.png,C:\Studia\6 sem\biometria\projekt_2_koniec\rozpoznawanie-teczowki-biometria\results_mmu_small\normalizacja\5_left_chongpkl4_normalized.npy,128,128,8,128,ok
chongpkl5.bmp,C:\Studia\6 sem\biometria\projekt_2_koniec\rozpoznawanie-teczowki-biometria\results_mmu_small\normalizacja\5_left_chongpkl5_normalized.png,C:\Studia\6 sem\biometria\projekt_2_koniec\rozpoznawanie-teczowki-biometria\results_mmu_small\normalizacja\5_left_chongpkl5_normalized.npy,128,128,8,128,ok
chongpkr1.bmp,C:\Studia\6 sem\biometria\projekt_2_koniec\rozpoznawanie-teczowki-biometria\results_mmu_small\normalizacja\5_right_chongpkr1_normalized.png,C:\Studia\6 sem\biometria\projekt_2_koniec\rozpoznawanie-teczowki-biometria\results_mmu_small\normalizacja\5_right_chongpkr1_normalized.npy,128,128,8,128,ok
chongpkr2.bmp,C:\Studia\6 sem\biometria\projekt_2_koniec\rozpoznawanie-teczowki-biometria\results_mmu_small\normalizacja\5_right_chongpkr2_normalized.png,C:\Studia\6 sem\biometria\projekt_2_koniec\rozpoznawanie-teczowki-biometria\results_mmu_small\normalizacja\5_right_chongpkr2_normalized.npy,128,128,8,128,ok
chongpkr3.bmp,C:\Studia\6 sem\biometria\projekt_2_koniec\rozpoznawanie-teczowki-biometria\results_mmu_small\normalizacja\5_right_chongpkr3_normalized.png,C:\Studia\6 sem\biometria\projekt_2_koniec\rozpoznawanie-teczowki-biometria\results_mmu_small\normalizacja\5_right_chongpkr3_normalized.npy,128,128,8,128,ok
chongpkr4.bmp,C:\Studia\6 sem\biometria\projekt_2_koniec\rozpoznawanie-teczowki-biometria\results_mmu_small\normalizacja\5_right_chongpkr4_normalized.png,C:\Studia\6 sem\biometria\projekt_2_koniec\rozpoznawanie-teczowki-biometria\results_mmu_small\normalizacja\5_right_chongpkr4_normalized.npy,128,128,8,128,ok
chongpkr5.bmp,C:\Studia\6 sem\biometria\projekt_2_koniec\rozpoznawanie-teczowki-biometria\results_mmu_small\normalizacja\5_right_chongpkr5_normalized.png,C:\Studia\6 sem\biometria\projekt_2_koniec\rozpoznawanie-teczowki-biometria\results_mmu_small\normalizacja\5_right_chongpkr5_normalized.npy,128,128,8,128,ok
christinel1.bmp,C:\Studia\6 sem\biometria\projekt_2_koniec\rozpoznawanie-teczowki-biometria\results_mmu_small\normalizacja\6_left_christinel1_normalized.png,C:\Studia\6 sem\biometria\projekt_2_koniec\rozpoznawanie-teczowki-biometria\results_mmu_small\normalizacja\6_left_christinel1_normalized.npy,128,128,8,128,ok
christinel2.bmp,C:\Studia\6 sem\biometria\projekt_2_koniec\rozpoznawanie-teczowki-biometria\results_mmu_small\normalizacja\6_left_christinel2_normalized.png,C:\Studia\6 sem\biometria\projekt_2_koniec\rozpoznawanie-teczowki-biometria\results_mmu_small\normalizacja\6_left_christinel2_normalized.npy,128,128,8,128,ok
christinel3.bmp,C:\Studia\6 sem\biometria\projekt_2_koniec\rozpoznawanie-teczowki-biometria\results_mmu_small\normalizacja\6_left_christinel3_normalized.png,C:\Studia\6 sem\biometria\projekt_2_koniec\rozpoznawanie-teczowki-biometria\results_mmu_small\normalizacja\6_left_christinel3_normalized.npy,128,128,8,128,ok
christinel4.bmp,C:\Studia\6 sem\biometria\projekt_2_koniec\rozpoznawanie-teczowki-biometria\results_mmu_small\normalizacja\6_left_christinel4_normalized.png,C:\Studia\6 sem\biometria\projekt_2_koniec\rozpoznawanie-teczowki-biometria\results_mmu_small\normalizacja\6_left_christinel4_normalized.npy,128,128,8,128,ok
christinel5.bmp,C:\Studia\6 sem\biometria\projekt_2_koniec\rozpoznawanie-teczowki-biometria\results_mmu_small\normalizacja\6_left_christinel5_normalized.png,C:\Studia\6 sem\biometria\projekt_2_koniec\rozpoznawanie-teczowki-biometria\results_mmu_small\normalizacja\6_left_christinel5_normalized.npy,128,128,8,128,ok
christiner1.bmp,C:\Studia\6 sem\biometria\projekt_2_koniec\rozpoznawanie-teczowki-biometria\results_mmu_small\normalizacja\6_right_christiner1_normalized.png,C:\Studia\6 sem\biometria\projekt_2_koniec\rozpoznawanie-teczowki-biometria\results_mmu_small\normalizacja\6_right_christiner1_normalized.npy,128,128,8,128,ok
christiner2.bmp,C:\Studia\6 sem\biometria\projekt_2_koniec\rozpoznawanie-teczowki-biometria\results_mmu_small\normalizacja\6_right_christiner2_normalized.png,C:\Studia\6 sem\biometria\projekt_2_koniec\rozpoznawanie-teczowki-biometria\results_mmu_small\normalizacja\6_right_christiner2_normalized.npy,128,128,8,128,ok
christiner3.bmp,C:\Studia\6 sem\biometria\projekt_2_koniec\rozpoznawanie-teczowki-biometria\results_mmu_small\normalizacja\6_right_christiner3_normalized.png,C:\Studia\6 sem\biometria\projekt_2_koniec\rozpoznawanie-teczowki-biometria\results_mmu_small\normalizacja\6_right_christiner3_normalized.npy,128,128,8,128,ok
christiner4.bmp,C:\Studia\6 sem\biometria\projekt_2_koniec\rozpoznawanie-teczowki-biometria\results_mmu_small\normalizacja\6_right_christiner4_normalized.png,C:\Studia\6 sem\biometria\projekt_2_koniec\rozpoznawanie-teczowki-biometria\results_mmu_small\normalizacja\6_right_christiner4_normalized.npy,128,128,8,128,ok
christiner5.bmp,C:\Studia\6 sem\biometria\projekt_2_koniec\rozpoznawanie-teczowki-biometria\results_mmu_small\normalizacja\6_right_christiner5_normalized.png,C:\Studia\6 sem\biometria\projekt_2_koniec\rozpoznawanie-teczowki-biometria\results_mmu_small\normalizacja\6_right_christiner5_normalized.npy,128,128,8,128,ok
chualsl1.bmp,C:\Studia\6 sem\biometria\projekt_2_koniec\rozpoznawanie-teczowki-biometria\results_mmu_small\normalizacja\7_left_chualsl1_normalized.png,C:\Studia\6 sem\biometria\projekt_2_koniec\rozpoznawanie-teczowki-biometria\results_mmu_small\normalizacja\7_left_chualsl1_normalized.npy,128,128,8,128,ok
chualsl2.bmp,C:\Studia\6 sem\biometria\projekt_2_koniec\rozpoznawanie-teczowki-biometria\results_mmu_small\normalizacja\7_left_chualsl2_normalized.png,C:\Studia\6 sem\biometria\projekt_2_koniec\rozpoznawanie-teczowki-biometria\results_mmu_small\normalizacja\7_left_chualsl2_normalized.npy,128,128,8,128,ok
chualsl3.bmp,C:\Studia\6 sem\biometria\projekt_2_koniec\rozpoznawanie-teczowki-biometria\results_mmu_small\normalizacja\7_left_chualsl3_normalized.png,C:\Studia\6 sem\biometria\projekt_2_koniec\rozpoznawanie-teczowki-biometria\results_mmu_small\normalizacja\7_left_chualsl3_normalized.npy,128,128,8,128,ok
chualsl4.bmp,C:\Studia\6 sem\biometria\projekt_2_koniec\rozpoznawanie-teczowki-biometria\results_mmu_small\normalizacja\7_left_chualsl4_normalized.png,C:\Studia\6 sem\biometria\projekt_2_koniec\rozpoznawanie-teczowki-biometria\results_mmu_small\normalizacja\7_left_chualsl4_normalized.npy,128,128,8,128,ok
chualsl5.bmp,C:\Studia\6 sem\biometria\projekt_2_koniec\rozpoznawanie-teczowki-biometria\results_mmu_small\normalizacja\7_left_chualsl5_normalized.png,C:\Studia\6 sem\biometria\projekt_2_koniec\rozpoznawanie-teczowki-biometria\results_mmu_small\normalizacja\7_left_chualsl5_normalized.npy,128,128,8,128,ok
chualsr1.bmp,C:\Studia\6 sem\biometria\projekt_2_koniec\rozpoznawanie-teczowki-biometria\results_mmu_small\normalizacja\7_right_chualsr1_normalized.png,C:\Studia\6 sem\biometria\projekt_2_koniec\rozpoznawanie-teczowki-biometria\results_mmu_small\normalizacja\7_right_chualsr1_normalized.npy,128,128,8,128,ok
chualsr2.bmp,C:\Studia\6 sem\biometria\projekt_2_koniec\rozpoznawanie-teczowki-biometria\results_mmu_small\normalizacja\7_right_chualsr2_normalized.png,C:\Studia\6 sem\biometria\projekt_2_koniec\rozpoznawanie-teczowki-biometria\results_mmu_small\normalizacja\7_right_chualsr2_normalized.npy,128,128,8,128,ok
chualsr3.bmp,C:\Studia\6 sem\biometria\projekt_2_koniec\rozpoznawanie-teczowki-biometria\results_mmu_small\normalizacja\7_right_chualsr3_normalized.png,C:\Studia\6 sem\biometria\projekt_2_koniec\rozpoznawanie-teczowki-biometria\results_mmu_small\normalizacja\7_right_chualsr3_normalized.npy,128,128,8,128,ok
chualsr4.bmp,C:\Studia\6 sem\biometria\projekt_2_koniec\rozpoznawanie-teczowki-biometria\results_mmu_small\normalizacja\7_right_chualsr4_normalized.png,C:\Studia\6 sem\biometria\projekt_2_koniec\rozpoznawanie-teczowki-biometria\results_mmu_small\normalizacja\7_right_chualsr4_normalized.npy,128,128,8,128,ok
chualsr5.bmp,C:\Studia\6 sem\biometria\projekt_2_koniec\rozpoznawanie-teczowki-biometria\results_mmu_small\normalizacja\7_right_chualsr5_normalized.png,C:\Studia\6 sem\biometria\projekt_2_koniec\rozpoznawanie-teczowki-biometria\results_mmu_small\normalizacja\7_right_chualsr5_normalized.npy,128,128,8,128,ok
eugenehol1.bmp,C:\Studia\6 sem\biometria\projekt_2_koniec\rozpoznawanie-teczowki-biometria\results_mmu_small\normalizacja\8_left_eugenehol1_normalized.png,C:\Studia\6 sem\biometria\projekt_2_koniec\rozpoznawanie-teczowki-biometria\results_mmu_small\normalizacja\8_left_eugenehol1_normalized.npy,128,128,8,128,ok
eugenehol2.bmp,C:\Studia\6 sem\biometria\projekt_2_koniec\rozpoznawanie-teczowki-biometria\results_mmu_small\normalizacja\8_left_eugenehol2_normalized.png,C:\Studia\6 sem\biometria\projekt_2_koniec\rozpoznawanie-teczowki-biometria\results_mmu_small\normalizacja\8_left_eugenehol2_normalized.npy,128,128,8,128,ok
eugenehol3.bmp,C:\Studia\6 sem\biometria\projekt_2_koniec\rozpoznawanie-teczowki-biometria\results_mmu_small\normalizacja\8_left_eugenehol3_normalized.png,C:\Studia\6 sem\biometria\projekt_2_koniec\rozpoznawanie-teczowki-biometria\results_mmu_small\normalizacja\8_left_eugenehol3_normalized.npy,128,128,8,128,ok
eugenehol4.bmp,C:\Studia\6 sem\biometria\projekt_2_koniec\rozpoznawanie-teczowki-biometria\results_mmu_small\normalizacja\8_left_eugenehol4_normalized.png,C:\Studia\6 sem\biometria\projekt_2_koniec\rozpoznawanie-teczowki-biometria\results_mmu_small\normalizacja\8_left_eugenehol4_normalized.npy,128,128,8,128,ok
eugenehol5.bmp,C:\Studia\6 sem\biometria\projekt_2_koniec\rozpoznawanie-teczowki-biometria\results_mmu_small\normalizacja\8_left_eugenehol5_normalized.png,C:\Studia\6 sem\biometria\projekt_2_koniec\rozpoznawanie-teczowki-biometria\results_mmu_small\normalizacja\8_left_eugenehol5_normalized.npy,128,128,8,128,ok
eugenehor1.bmp,C:\Studia\6 sem\biometria\projekt_2_koniec\rozpoznawanie-teczowki-biometria\results_mmu_small\normalizacja\8_right_eugenehor1_normalized.png,C:\Studia\6 sem\biometria\projekt_2_koniec\rozpoznawanie-teczowki-biometria\results_mmu_small\normalizacja\8_right_eugenehor1_normalized.npy,128,128,8,128,ok
eugenehor2.bmp,C:\Studia\6 sem\biometria\projekt_2_koniec\rozpoznawanie-teczowki-biometria\results_mmu_small\normalizacja\8_right_eugenehor2_normalized.png,C:\Studia\6 sem\biometria\projekt_2_koniec\rozpoznawanie-teczowki-biometria\results_mmu_small\normalizacja\8_right_eugenehor2_normalized.npy,128,128,8,128,ok
eugenehor3.bmp,C:\Studia\6 sem\biometria\projekt_2_koniec\rozpoznawanie-teczowki-biometria\results_mmu_small\normalizacja\8_right_eugenehor3_normalized.png,C:\Studia\6 sem\biometria\projekt_2_koniec\rozpoznawanie-teczowki-biometria\results_mmu_small\normalizacja\8_right_eugenehor3_normalized.npy,128,128,8,128,ok
eugenehor4.bmp,C:\Studia\6 sem\biometria\projekt_2_koniec\rozpoznawanie-teczowki-biometria\results_mmu_small\normalizacja\8_right_eugenehor4_normalized.png,C:\Studia\6 sem\biometria\projekt_2_koniec\rozpoznawanie-teczowki-biometria\results_mmu_small\normalizacja\8_right_eugenehor4_normalized.npy,128,128,8,128,ok
eugenehor5.bmp,C:\Studia\6 sem\biometria\projekt_2_koniec\rozpoznawanie-teczowki-biometria\results_mmu_small\normalizacja\8_right_eugenehor5_normalized.png,C:\Studia\6 sem\biometria\projekt_2_koniec\rozpoznawanie-teczowki-biometria\results_mmu_small\normalizacja\8_right_eugenehor5_normalized.npy,128,128,8,128,ok
fatmal1.bmp,C:\Studia\6 sem\biometria\projekt_2_koniec\rozpoznawanie-teczowki-biometria\results_mmu_small\normalizacja\9_left_fatmal1_normalized.png,C:\Studia\6 sem\biometria\projekt_2_koniec\rozpoznawanie-teczowki-biometria\results_mmu_small\normalizacja\9_left_fatmal1_normalized.npy,128,128,8,128,ok
fatmal2.bmp,C:\Studia\6 sem\biometria\projekt_2_koniec\rozpoznawanie-teczowki-biometria\results_mmu_small\normalizacja\9_left_fatmal2_normalized.png,C:\Studia\6 sem\biometria\projekt_2_koniec\rozpoznawanie-teczowki-biometria\results_mmu_small\normalizacja\9_left_fatmal2_normalized.npy,128,128,8,128,ok
fatmal3.bmp,C:\Studia\6 sem\biometria\projekt_2_koniec\rozpoznawanie-teczowki-biometria\results_mmu_small\normalizacja\9_left_fatmal3_normalized.png,C:\Studia\6 sem\biometria\projekt_2_koniec\rozpoznawanie-teczowki-biometria\results_mmu_small\normalizacja\9_left_fatmal3_normalized.npy,128,128,8,128,ok
fatmal4.bmp,C:\Studia\6 sem\biometria\projekt_2_koniec\rozpoznawanie-teczowki-biometria\results_mmu_small\normalizacja\9_left_fatmal4_normalized.png,C:\Studia\6 sem\biometria\projekt_2_koniec\rozpoznawanie-teczowki-biometria\results_mmu_small\normalizacja\9_left_fatmal4_normalized.npy,128,128,8,128,ok
fatmal5.bmp,C:\Studia\6 sem\biometria\projekt_2_koniec\rozpoznawanie-teczowki-biometria\results_mmu_small\normalizacja\9_left_fatmal5_normalized.png,C:\Studia\6 sem\biometria\projekt_2_koniec\rozpoznawanie-teczowki-biometria\results_mmu_small\normalizacja\9_left_fatmal5_normalized.npy,128,128,8,128,ok
fatmar1.bmp,C:\Studia\6 sem\biometria\projekt_2_koniec\rozpoznawanie-teczowki-biometria\results_mmu_small\normalizacja\9_right_fatmar1_normalized.png,C:\Studia\6 sem\biometria\projekt_2_koniec\rozpoznawanie-teczowki-biometria\results_mmu_small\normalizacja\9_right_fatmar1_normalized.npy,128,128,8,128,ok
fatmar2.bmp,C:\Studia\6 sem\biometria\projekt_2_koniec\rozpoznawanie-teczowki-biometria\results_mmu_small\normalizacja\9_right_fatmar2_normalized.png,C:\Studia\6 sem\biometria\projekt_2_koniec\rozpoznawanie-teczowki-biometria\results_mmu_small\normalizacja\9_right_fatmar2_normalized.npy,128,128,8,128,ok
fatmar3.bmp,C:\Studia\6 sem\biometria\projekt_2_koniec\rozpoznawanie-teczowki-biometria\results_mmu_small\normalizacja\9_right_fatmar3_normalized.png,C:\Studia\6 sem\biometria\projekt_2_koniec\rozpoznawanie-teczowki-biometria\results_mmu_small\normalizacja\9_right_fatmar3_normalized.npy,128,128,8,128,ok
fatmar4.bmp,C:\Studia\6 sem\biometria\projekt_2_koniec\rozpoznawanie-teczowki-biometria\results_mmu_small\normalizacja\9_right_fatmar4_normalized.png,C:\Studia\6 sem\biometria\projekt_2_koniec\rozpoznawanie-teczowki-biometria\results_mmu_small\normalizacja\9_right_fatmar4_normalized.npy,128,128,8,128,ok
fatmar5.bmp,C:\Studia\6 sem\biometria\projekt_2_koniec\rozpoznawanie-teczowki-biometria\results_mmu_small\normalizacja\9_right_fatmar5_normalized.png,C:\Studia\6 sem\biometria\projekt_2_koniec\rozpoznawanie-teczowki-biometria\results_mmu_small\normalizacja\9_right_fatmar5_normalized.npy,128,128,8,128,ok
